-- --------------------------------------------------------
-- 主機:                           127.0.0.1
-- 伺服器版本:                        10.11.4-MariaDB - mariadb.org binary distribution
-- 伺服器作業系統:                      Win64
-- HeidiSQL 版本:                  12.3.0.6589
-- --------------------------------------------------------

/*!40101 SET @OLD_CHARACTER_SET_CLIENT=@@CHARACTER_SET_CLIENT */;
/*!40101 SET NAMES utf8 */;
/*!50503 SET NAMES utf8mb4 */;
/*!40103 SET @OLD_TIME_ZONE=@@TIME_ZONE */;
/*!40103 SET TIME_ZONE='+00:00' */;
/*!40014 SET @OLD_FOREIGN_KEY_CHECKS=@@FOREIGN_KEY_CHECKS, FOREIGN_KEY_CHECKS=0 */;
/*!40101 SET @OLD_SQL_MODE=@@SQL_MODE, SQL_MODE='NO_AUTO_VALUE_ON_ZERO' */;
/*!40111 SET @OLD_SQL_NOTES=@@SQL_NOTES, SQL_NOTES=0 */;


-- 傾印 movie_theater 的資料庫結構
CREATE DATABASE IF NOT EXISTS `movie_theater` /*!40100 DEFAULT CHARACTER SET utf8mb4 COLLATE utf8mb4_general_ci */;
USE `movie_theater`;

-- 傾印  資料表 movie_theater.customer_order 結構
CREATE TABLE IF NOT EXISTS `customer_order` (
  `id` int(11) NOT NULL AUTO_INCREMENT,
  `total_amount` float NOT NULL,
  `movie_id` int(11) NOT NULL,
  `user_id` int(11) NOT NULL,
  `session_id` int(11) NOT NULL,
  `order_date` varchar(50) NOT NULL,
  `quantity` int(11) NOT NULL,
  `canceled` enum('未取消','管理員','使用者') NOT NULL COMMENT 'user canceled order',
  `status` enum('訂票成功','處理中','已完成','已取消') NOT NULL DEFAULT '處理中' COMMENT 'admin canceled order',
  `ticket` enum('全票','優待票') NOT NULL DEFAULT '全票',
  `payment` enum('現金','信用卡','LINE_PAY') NOT NULL DEFAULT '現金',
  PRIMARY KEY (`id`) USING BTREE,
  KEY `FK_customer_order_user` (`user_id`),
  KEY `FK_customer_order_movie` (`movie_id`),
  KEY `FK_customer_order_session` (`session_id`),
  CONSTRAINT `FK_customer_order_movie` FOREIGN KEY (`movie_id`) REFERENCES `movie` (`id`) ON DELETE CASCADE ON UPDATE CASCADE,
  CONSTRAINT `FK_customer_order_session` FOREIGN KEY (`session_id`) REFERENCES `session` (`id`) ON DELETE CASCADE ON UPDATE CASCADE,
  CONSTRAINT `FK_customer_order_user` FOREIGN KEY (`user_id`) REFERENCES `user` (`id`) ON DELETE CASCADE ON UPDATE CASCADE
) ENGINE=InnoDB AUTO_INCREMENT=220 DEFAULT CHARSET=utf8mb4 COLLATE=utf8mb4_general_ci;

-- 正在傾印表格  movie_theater.customer_order 的資料：~7 rows (近似值)
INSERT INTO `customer_order` (`id`, `total_amount`, `movie_id`, `user_id`, `session_id`, `order_date`, `quantity`, `canceled`, `status`, `ticket`, `payment`) VALUES
	(213, 240, 1, 49, 44, '9/28/2023, 1:30:04 PM', 2, '使用者', '已取消', '全票', '信用卡'),
	(214, 240, 1, 49, 44, '9/28/2023, 1:41:45 PM', 2, '管理員', '已取消', '全票', '信用卡'),
	(215, 240, 1, 76, 44, '9/28/2023, 2:17:18 PM', 2, '使用者', '已取消', '全票', '信用卡'),
	(216, 220, 1, 76, 72, '9/28/2023, 2:21:23 PM', 2, '管理員', '已取消', '優待票', '信用卡'),
	(217, 240, 1, 49, 44, '9/28/2023, 2:54:59 PM', 2, '未取消', '訂票成功', '全票', '信用卡'),
	(218, 240, 1, 76, 44, '9/28/2023, 4:25:00 PM', 2, '未取消', '訂票成功', '全票', '信用卡'),
	(219, 240, 1, 49, 44, '9/29/2023, 4:41:56 AM', 2, '未取消', '訂票成功', '全票', '信用卡');

-- 傾印  資料表 movie_theater.movie 結構
CREATE TABLE IF NOT EXISTS `movie` (
  `id` int(11) NOT NULL AUTO_INCREMENT,
  `title` text NOT NULL,
  `description` text DEFAULT NULL,
  `release_date` date DEFAULT NULL,
  `status` enum('RELEASED','UPCOMING','ARCHIVED') NOT NULL,
  `genre` enum('喜劇片','動作片','恐怖片','懸疑片','紀錄片','愛情片','動漫片','科幻片','劇情片') DEFAULT NULL,
  `level` enum('普遍級','保護級','輔導級','限制級') DEFAULT NULL,
  `cover_url` char(150) DEFAULT NULL,
  PRIMARY KEY (`id`) USING BTREE
) ENGINE=InnoDB AUTO_INCREMENT=62 DEFAULT CHARSET=utf8mb4 COLLATE=utf8mb4_general_ci;

-- 正在傾印表格  movie_theater.movie 的資料：~18 rows (近似值)
INSERT INTO `movie` (`id`, `title`, `description`, `release_date`, `status`, `genre`, `level`, `cover_url`) VALUES
	(1, '奧本海默', '人們不會感到恐懼，直到能夠理解它 而人們無法理解它，直到使用它 克里斯多夫諾蘭自編自導的【奧本海默】是一部用IMAX攝影機拍攝的史詩驚悚片，觀眾將看到一個謎一般的男人是如何陷入一個自相矛盾的困境，他為了拯救這個世界，必須先毀滅它。 這部電影的演員陣容堅強，包括席尼墨菲飾演羅伯特奧本海默；艾蜜莉布朗飾演他身為生物學家和植物學家妻子凱瑟琳“琪蒂”奧本海默；奧斯卡獎得主麥特戴蒙飾演曼哈頓計畫的負責人萊斯利格羅夫斯少將；以及小勞勃道尼飾演美國原子能委員會主席路易斯史特勞斯。 奧斯卡獎入圍者佛蘿倫絲普伊飾演精神科醫師瓊塔特洛克、班尼沙夫戴飾演理論物理學家愛德華泰勒、麥可安格蘭諾飾演羅伯特瑟伯爾以及喬許哈奈特飾演美國核子科學家歐內斯特勞倫斯。 【奧本海默】一片的演員陣容還包括奧斯卡獎得主雷米馬利克，再度和導演克里斯多夫諾蘭合作，八度入圍奧斯卡獎的編劇和導演肯尼斯布萊納，以及丹恩迪漢（【星際特工瓦雷諾：千星之城】）、狄倫阿諾（【月光光新慌慌】電影系列）、大衛克倫荷茲（【西部老巴的故事】）、艾登艾倫瑞克（【星際大戰外傳：韓索羅】）以及馬修莫汀（【黑暗騎士：黎明昇起】）。', '2023-09-27', 'RELEASED', '紀錄片', '輔導級', 'https://movies.yahoo.com.tw/i/o/production/movies/May2023/Qc1HYHrRQcOf5Vc49EK2-1024x1622.jpg'),
	(2, 'Barbie芭比', '本片導演、編劇將由葛莉塔潔薇Greta Gerwig與老公諾亞波拜克Noah Baumbach執筆，葛莉塔潔薇曾執導過《淑女鳥》，《芭比》劇情主要以描述女主角了解自己並不適合完美的芭比國度，進而來到真實世界，也逐漸接受和找到自己的不同和獨特。', '2023-09-26', 'RELEASED', '喜劇片', '普遍級', 'https://movies.yahoo.com.tw/i/o/production/movies/June2023/hJQY0OXcsMLDzihCq2px-1080x1542.jpg'),
	(30, '我和我的賽車老爸', '★台灣影史首部結合拉力賽、親情、友情、勵志話題電影！ ★入選台北電影節世界首映，選片人盛讚：親情刻劃精彩動人！ ★入選馬來西亞電影節閉幕片，影展方力讚：永不投降的有力證明！ ★演技派男星温昇豪，攜手天才童星陳少卉，飆出催淚父子情！ ★馬來西亞男星陳澤耀，勤練拉力賽車技能，變身天才賽車手！ ★氣質女星邵雨薇演繹熱血班導師，與陳少卉傳遞正能量師生情！ ★李玉璽、涂善存特別演出，展現換帖賽車好兄弟情誼！ ★金獎編劇溫郁芳執筆，譜寫暖心熱血的救贖之旅！ 幸福不遠，只要你在我身邊 年幼的周宇冬（陳少卉飾演）因母親驟逝，被迫交給素未謀面的爸爸周大隆（温昇豪飾演）撫養。大隆在宇冬出生前便與妻子離異，又因受傷僅靠保全工作浮沉度日。如今意外扛起父職，父子自然摩擦不斷，直到放棄賽車的天才車手阿駿（陳澤耀飾演），某日因緣際會闖入兩人的世界，反而成為彼此溝通的橋樑，讓這對父子逐漸找回屬於彼此的溫暖。不過阿駿也有自己不願面對的過去，他懷抱罪惡感所躲避的一切，反而給了他必須重返賽道的力量。而大隆為了回應宇冬的期待並證明自己，也毅然決定跟阿駿共同搭檔挑戰拉力賽，再為自己的人生勇敢一回…。 【關於電影】 《我和我的賽車老爸》是台灣影史首部結合拉力賽、親情、友情、勵志的電影作品，由兩屆金鐘獎「最佳編劇」得主溫郁芳擔綱編劇，新銳導演張書瑋執導，温昇豪、陳澤耀、陳少卉領銜主演。透過菜鳥老爸與陌生兒子的親情交流，結合失意車手在人生路上的跌跌撞撞，彼此試圖重獲救贖，為人生再戰一回。全片勵志新穎，兼具勇氣、溫情、熱血與速度感，是近年台灣電影少見類型。 以《敗犬女王》、《犀利人妻》廣為台灣觀眾熟知的温昇豪，這回飾演主角「周大隆」，角色因為意外而跛腳，還把生活過得一團糟。雖然表面上看來邋遢，卻比任何人都充滿感情，個性也相當真誠善良。某日他意外接獲社會局來電，得知自己有個十歲兒子「冬冬」，讓他展開菜鳥單親老爸的生活；也因為跟賽車手「阿駿」相遇，意外開啟他在中年人生的賽車夢。為了演繹角色行動不便且邋遢的模樣，温昇豪不僅蓄鬍還跛腳演出，他也將透過新手老爸與菜鳥車手的角色，展現更上一層樓的演技，有望問鼎各大電影獎的影帝肯定。 此外，身兼演員、歌手、賽車手等跨界身份的馬來西亞男星陳澤耀，這回詮釋外表高瘦帥氣，冷酷寡言，17歲就贏得賽車冠軍，並曾被多國教練譽為難得一見的天才賽車手「阿駿」。可惜他在某場賽事中，意外讓同車好友身亡，還入獄服刑斷送大好賽車生涯。出獄後，他因緣際會結識「大隆」與「冬冬」這對父子，也因為他們的熱情，間接替他療癒內心所傷，讓他決定為自己再戰一回，打算參加拉力賽重返賽界。值得一提的是，真實生活中的陳澤耀，本身就有在參加飄移甩尾比賽，還曾在甩尾賽拿下第三名佳績。不過由於他是首度接觸拉力賽車，也因為馬來西亞是右駕，為了適應台灣的左駕模式，他在劇組安排下勤練賽車駕駛技巧，學習跳躍及甩尾動作。對於能夠透過電影學習新的賽車技能，讓他開心直呼：「真是好玩又好爽的電影！」 不僅如此，童星陳少卉也為本片貢獻演藝生涯的首部電影主演。他雖然小小年紀，不過已經在許多廣告與MV現身，還曾在《人面魚：紅衣小女孩外傳》飾演「小虎爺」，跟鄭人碩同台飆戲；更在《月老》客串柯震東投胎轉世後的小朋友，一雙水汪汪充滿靈性的大眼睛，實在讓人過目難忘。這回他飾演「冬冬」，從小與母親相依為命，一場車禍卻讓他失去母親，之後在社會局安排下，見到了素未謀面的父親「大隆」，卻因為不知道怎麼跟這位陌生父親互動，反而時常跟他頂嘴，在學校的同儕關係也不佳。不過後來遇到英勇又會賽車的「阿駿哥哥」，讓他在阿駿的開導下，開始改變跟大隆的父子關係。 此外，本片也集結卲雨薇、李玉璽、涂善存、檢場、于子育、劉育仁、田士廣、孫綻、潘君侖、林家佑、林書婷等老將新秀共同演出，並獲得2023年台北電影節青睞進行世界首映，選片人盛讚：「本片在親情的刻劃上頗為動人，主角周大隆從起初的排斥，到後來承擔起身為父親責任，讓人看見親情羈絆是如何發生。飾演周大隆的温昇豪在片中表現能收能放，相當精彩動人。」此外，更獲邀成為2023年馬來西亞國際電影節「閉幕片」，也是該電影節舉辦至今，首部入選為閉幕片的台灣電影，意義非凡。電影節主辦單位也非常高興能映演這部引人入勝的作品，並力讚本片：「將帶您踏上一場穿越父子之間錯綜複雜關係的情感之旅。導演張書瑋熟練地將我們帶入振奮人心的賽車世界，熱情與決心在片中相互碰撞。引人入勝的故事，超越了激增的腎上腺素，強調出韌性、毅力和不顧一切永不放棄夢想的價值觀。在夢想受到挑戰的世界裡，無論路上有什麼阻礙，《我和我的賽車老爸》是永不投降的有力證明。」', '2023-09-26', 'RELEASED', '喜劇片', '普遍級', 'https://movies.yahoo.com.tw/i/r/w420/production/movies/August2023/N3Ez99o1b29ggKJRqPDD-1260x1800.jpg'),
	(31, '查無此心', '★ 獲得金馬獎5項大獎提名，台北電影獎12項大獎提名，入圍鹿特丹、義大利等國際影展 ★《緝魂》監製唐在揚與氣質女神張鈞甯共同監製，《用九柑仔店》金鐘獎最佳導演曾英庭執導作品 ★ 張鈞甯與金馬影帝阮經天時隔15年再度合作，跨年夜出現的流水屍，牽引出一宗恐怖連環殺人事件，兩人查案，卻越查越危險 女警吳潔（張鈞甯 飾）在一個寒冷的跨年夜，她在車上深呼吸後，舉起槍對著自己的腦袋…突然出現了一聲尖叫，一個陌生女孩狂拍她的車窗，讓她停止了動作，原來現場出現了一具無名的流水屍。 在刑警丈夫楊振國自殺後，吳潔無法在家中睡覺，只能窩在自己車頂有個洞的破車中休息，她想調離現場辦案的工作，但這宗殘忍的命案，在長官曾德輝（陳為民 飾）要求下，她必須和菜鳥刑警（項婕如 飾）合作辦理這起她最後的案件。吳潔不情不願接下案件，她逐漸發現女屍似乎和一位非法移工仲介（阮經天 飾）有關聯，但他們離真相越近，也陷入更大的危險之中…。 國際矚目 影展曝光 《查無此心》是一部風格獨特的犯罪電影，從一個想輕生的女警帶出一宗恐怖的連環殺人命案，女警藉由辦案的過程，似乎也找到爭脫死亡泥沼的力量，重新面對自己的困境。以犯罪手法包裝尋找希望的故事，除了金馬獎入圍五項大獎，也在2023年台北電影獎獲得12項大獎入圍的肯定之外，從去年也陸續入選多個國際影展，包括：荷蘭鹿特丹國際影展Harbour單元、新加坡國際影展、義大利烏迪內遠東電影節、紐約亞洲電影節、倫敦東亞電影節、加拿大奇幻影展、納沙泰爾國際奇幻影展…等，受到國際矚目。', '2022-09-26', 'RELEASED', '懸疑片', '限制級', 'https://movies.yahoo.com.tw/i/r/w420/production/movies/August2023/shONs9TLEX7IrZVXrbhM-1080x1557.jpg'),
	(32, 'A.I.創世者', '★二十世紀影業與《星際大戰外傳：俠盜一號》票房大導蓋瑞斯愛德華攜手打造又一科幻動作驚悚全新經典。 在人類與A.I.人工智慧如火如荼的未來戰爭中，精明幹練的前特種部隊探員喬書亞，在擺脫不了妻子失蹤已久的悲傷之際，又被招募執行刺殺「A.I.創世者」的關鍵任務，勢在阻止A.I.殲滅人類並終結戰爭的秘密武器。喬書亞帶領菁英小組深入A.I.領域的危險中心，卻發現他必須摧毀的終極致命武器，竟是個擁有純真孩童外表的A.I.。', '2023-09-26', 'RELEASED', '科幻片', '保護級', 'https://movies.yahoo.com.tw/i/r/w420/production/movies/September2023/sVFp9w9X3w23ItjeKpgk-1080x1542.jpg'),
	(33, '誆世巨作：蜘蛛窩新宇宙', '★ 2023坎城影展正式入選', '2023-10-14', 'UPCOMING', '劇情片', '保護級', 'https://movies.yahoo.com.tw/i/o/production/movies/September2023/Qy5708Tnl12JoHlJqGYB-1080x1543.JPG'),
	(34, '汪汪隊立大功：超級大電影', '全新品種的英雄即將登上大銀幕 當一顆魔法隕石墜落在冒險市，它就給了汪汪隊的狗狗們超能力，將他們變成威力狗！對汪汪隊最小隻的成員天天來說，她的全新超能力簡直就是夢想成真，但是當這些狗狗們的死對頭韓丁納成功越獄，並且和一名對隕石著魔的瘋狂科學家薇多莉亞范斯狼狽為奸，想要偷取汪汪隊狗狗們的超能力，讓他們自己變成超級大壞蛋，冒險市的命運就再度岌岌可危。威力狗必須及時阻止這兩個超級大壞蛋，而天天也必須學到一個寶貴的教訓，那就是最小隻的狗狗也能夠做出最大的改變。', '2023-10-01', 'UPCOMING', '懸疑片', '保護級', 'https://movies.yahoo.com.tw/i/r/w420/production/movies/July2023/v2Jum6N6XtagC1RORSSo-1024x1519.jpg'),
	(35, '成功補習班', '《成功補習班》電影講述1994年，那個還有聯考的年代，張正恆（詹懷雲飾）、程翔（邱以太飾）、和尚（巫建和飾）是成功補習班裡面令人頭痛的三劍客，十七歲正是青春正盛、賀爾蒙噴發的年紀，在升學至上、禁止戀愛的補習班裡，三個來自不同家庭、不同個性的大男生，他們被迫放下探索自我的慾望，全力準備聯考。\r\n\r\n正恆一直想在畢業前談一段轟轟烈烈的戀愛，卻連開口跟喜歡的人說話的勇氣都沒有； 程翔因為家中父母失和，住進正恆家準備考試，他女朋友一個換過一個，卻不知道自己真正想要的愛情是什麼？和尚的父親就是補習班主任，在他的高壓管理下，和尚只能壓抑心中的想望，努力活成父親期望的樣子。三個人的友誼，因為一個女孩「陳思」（林奕嵐飾），開始有了奇妙的變化。\r\n\r\n直到他們遇見補習班新來的小志老師（侯彥西飾），一段尋找自我的旅行終於啟程。', '2023-10-01', 'UPCOMING', '劇情片', '普遍級', 'https://movies.yahoo.com.tw/i/o/production/movies/August2023/kgihlZgM9TfGreruQQKf-1080x1543.jpg'),
	(36, '新進社員 :電影版', '💥改編自韓國RIDIBOOKS 2020年BL漫畫Webtoon最優秀獎《新進職員》 💥榮耀入選全州影展韓國電影單元，年度話題BL韓劇電影版即將席捲全台 💥當完美主義的冰山組長遇上超級菜鳥的新進社員！一場令人怦然心動的社內戀愛該怎麼收場？！ 菜鳥實習生禹勝賢，首日上班就被分到做事要求完美、個性難搞的金鐘燦小組長的部門裡，因做事生疏常常在工作上有許多失誤，導致鐘燦對他十分苛刻，但在勝賢清澈明亮的雙眼裡看到的，是鐘燦組長那帥氣的外表。當勝賢的工作逐漸上手，卻被其他部門的同仁欺負後，開始認同他能力的鐘燦，對勝賢卻產生好奇心和莫名感覺，而在兩人工作互動過程中，勝賢對組長的愛意竟愈發滋長，某次鐘燦忍不住的意外之吻，正式敲開母胎單身的勝賢心門，只是同為愛情苦手又是上司與實習生身份的兩人，要如何迎接這場秘密的社內戀愛呢？', '2023-10-11', 'UPCOMING', '愛情片', '普遍級', 'https://movies.yahoo.com.tw/i/r/w420/production/movies/September2023/cLhH4pkEbouWTe6Bh50j-1080x1543.jpg'),
	(37, '沙丘：第二部', '保羅亞崔迪（提摩西夏勒梅 飾演）騎上巨大沙蟲，獲得全新的力量，成為新的領袖。故事將探索保羅亞崔迪的偉大神祕之旅，他和荃妮（辛蒂亞 飾演）以及弗瑞曼人聯手，對毀滅他家族的陰謀者展開報復；保羅必須在他畢生摯愛與已知宇宙命運之間做抉擇，並且努力阻止只有他能預見的可怕未來。', '2023-10-15', 'UPCOMING', '科幻片', '輔導級', 'https://movies.yahoo.com.tw/i/r/w420/production/movies/May2023/BOrazDhFznofxkC1xlrE-1080x1600.jpg'),
	(38, '麵包超人電影版：樂波莉與暖呼呼禮物', '一顆體貼的心讓大家綻放笑容！ 樂波莉是一位住在「機器彗星」，什麼都能製造的機器女孩。 但是她聽說世界上有一種「重要的東西」是自己做不出來的，她想找出那個東西，離開了機器彗星。 在旅途中，樂波莉和機器鳥小琴撿到一個禮物盒，為了找到失主，飛向麵包超人世界。 他們在那裡遇見麵包超人等人，一起度過歡樂的時光，這時樂波莉發現她的胸口「暖呼呼的」。 就在這個時候，細菌人想要把機器彗星變成「細菌機器彗星」，操控最強的機器人「巨星大噹噹」到處破壞！？ 今年是電影&電視動畫35週年與繪本《麵包超人》誕生50週年，一段讓大家心裡暖呼呼的精彩刺激大冒險即將開始！', '2023-10-16', 'UPCOMING', '動漫片', '普遍級', 'https://movies.yahoo.com.tw/i/r/w420/production/movies/September2023/OtEb9Hy8BSW1AGXGr9Yj-1080x1495.jpg'),
	(39, '魔髮精靈：樂團在一起', '今年聖誕佳節，夢工廠動畫將推出由安娜坎卓克和賈斯汀提姆布萊克率領全明星配音演員陣容演出，色彩繽紛、歡樂無比、全球熱賣的家庭音樂喜劇動畫片《魔髮精靈》系列的全新續集《魔髮精靈：樂團在一起》。 在前兩集經過友情的考驗和彼此不斷的打情罵俏之後，波比（安娜坎卓克 配音）和小布（賈斯汀提姆布萊克 配音）現在終於正式成為一對情侶了（#波布）！正當這兩位小倆口的關係變得越來越親密，波比卻發現小布竟然有一個神祕的過去。他曾經是她最瘋迷的男孩團體兄弟樂團成員，那是他和他的四個兄弟佛洛伊（金球獎提名電音流行樂超夯歌手特洛伊希文 配音）、強多瑞（《歡樂好聲音2》艾瑞克安德烈 配音）、史布斯（葛萊美獎得主及《漢密爾頓》戴維德迪格斯 配音）以及克雷（葛萊美獎得主及《千萬別抬頭》基德酷迪 配音）共同組成的男孩團體。但是兄弟樂團在小布還是的小貝比的時候就已經解散，這一家人也跟著四分五裂，從那時候起，小布就再也沒有見過他的兄弟。 但是當小布的兄弟佛洛伊因為他的音樂才華被兩個流行音樂的邪惡大壞蛋－凡菲（艾美獎得主及《姐姐愛最大》艾米舒默 配音）和凡尼（音樂劇《摩門之書》葛萊美獎得主及東尼獎提名安德魯蘭內斯 配音）－綁架之後，小布和波比就展開一場既驚險刺激又情緒激動的冒險旅程，希望小布和他其他的兄弟能夠重新聚首，救出佛洛伊，不讓他遭受比在流行音樂界成為過氣明星更悲慘的命運。 《魔髮精靈：樂團在一起》這部全新音樂喜劇動畫片和前兩集一樣，都有歡樂無窮的全新和經典流行夯歌，超豪華的配音演員陣容也找來許多流行音樂界的超級巨星和電影圈的知名喜劇演員，其中包括四度入圍葛萊美獎及拉丁葛萊美獎得主卡蜜拉卡貝羅（2021年音樂浪漫喜劇片《灰姑娘》），她為薇娃配音；柔夏瑪美德（驚悚喜劇影集《謎飛空姐》），她為可依配音；以及曾經榮獲12座艾美獎的變裝皇后魯保羅查爾斯，他為美心姐配音。 再度回歸為這部全新動畫片獻聲的配音演員則包括葛萊美獎、艾美獎及金球獎入圍者柔伊黛絲香奈，她為壁姬(壁寶)配音；克里斯多福米茲布拉斯為庫搜(小庫庫)配音；瑞典二人組合愛卡娜女王的艾諾賈瓦及卡洛琳耶爾特分別為大紅和大紫配音；葛萊美獎得主安德森帕克為丹王子配音；喜劇演員朗恩芬奇斯為褲哥配音；美國演員工會獎得主昆瑙納亞爾為白閃閃配音；以及艾美獎得主及《週六夜現場》傳奇喜劇演員基南湯普遜為小閃閃配音。 導演華特道恩再度回歸執導《魔髮精靈：樂團在一起》，吉娜夏則再度擔任製片，共同導演是提姆海茲（《魔髮精靈唱遊世界》故事總監）。夢工廠動畫分別於2016年級2020年推出的《魔髮精靈》以及《魔髮精靈唱遊世界》曾經締造驚人的票房成績，也曾獲得一項奧斯卡獎最佳原創歌曲獎提名，成為全球最賣座和最受熱愛的娛樂品牌之一。', '2022-12-02', 'RELEASED', '動漫片', '普遍級', 'https://movies.yahoo.com.tw/i/r/w420/production/movies/March2023/RdTOMi0fTn92fAO1iAKN-1080x1711.jpg'),
	(42, '狼少年：不朽的愛', '★ 《勝利號》導演重磅執導經典浪漫鉅作 ★ 《勝利號》製作團隊打造經典奇幻愛情鉅獻 ★ 宋仲基 X 朴寶英 X 柳演錫 X 金香起，多位重量級卡司精彩共演！ ★ 韓國觀眾滿意度高達92%！ ★ 蟬聯雙週韓國票房冠軍，觀影人次突破665萬名！ ★ 第17屆 韓國釜山國際影展 正式入選 ★ 第34屆 青龍電影獎 入圍最佳新人導演獎、最佳女配角獎 ★ 第50屆 大鐘獎 最佳女配角獎 ★ 第49屆 百想藝術大獎 電影部門 最佳新人導演獎 ★ 第22屆 釜日電影獎 最佳女配角獎 ★ 我會永遠守護你…  與家人搬到鄉下生活的純依（朴寶英 飾），意外在倉庫旁發現一名狼少年（宋仲基 飾），純依一家便收留他。狼少年充滿野性的眼神和怪異的舉止讓純依非常掛心，於是純依開始教他如何像人一樣吃飯、穿衣服、讀書、寫字，而他和純依的感情也逐漸產生微妙的變化。然而，一場突如其來的危機，讓藏在狼少年血液中的獸性暴露無遺，使他瞬間成為村裡無法被容忍的存在……', '2023-09-22', 'RELEASED', '愛情片', '輔導級', 'https://movies.yahoo.com.tw/i/o/production/movies/August2023/dxH6TPe9P94XTRPl0lJp-1080x1543.jpg'),
	(44, '我的天堂城市', '有你在的地方，就是我的天堂城市——  為了夢想的生活，他們來到了看似天堂的城市－紐約。失戀窮困的留學生，在工作與現實生活之間處處碰壁、朝聖嘻哈街舞的青少年面對工作與情感的兩難抉擇，以及面對家庭問題與孩子心理疾病壓力的移民夫妻。  異鄉的生活充滿挑戰，相互爭吵卻又彼此依賴，在理解與追夢的過程，友情、愛情、親情成為他們堅守的一切，只是未來，他們又會走向哪裡？彼此真正想要的又是什麼？  【關於電影】  《我的天堂城市》講述異鄉生活的人們，如何在困境裡找到愛與認同。失戀窮困尋找人生方向的留學生智美、朝聖嘻哈街舞的青少年傑克和Lulu、面對家庭問題與孩子心理疾病壓力的中年夫妻。他們面對希望的幻滅、生命的磨難互相扶持，依舊重新站起繼續找尋夢想，擁抱希望的生活故事。  《我的天堂城市》導演俞聖儀來自台灣，在紐約從事電影製作，本片是她首部劇情長片，透過在紐約生活的台灣人故事，闡述每個人為了追逐著自我存在的意義而遠赴他鄉，尋找夢想的過程跌跌撞撞起起伏伏，後來發現，無論身處何處，有「你」在的地方就是我的天堂城市。', '2023-09-15', 'RELEASED', '劇情片', '普遍級', 'https://movies.yahoo.com.tw/i/o/production/movies/July2023/4dNogJ2QbVkELD32HQZv-1024x1448.jpg'),
	(45, '獵人克萊文', '電影描述主角如何成為漫威宇宙最惡名昭彰的惡棍英雄，亞倫泰勒強森在這部限制級電影中，飾演蜘蛛人的經典世仇，獵人克萊文。', '2024-06-01', 'UPCOMING', '科幻片', '限制級', 'https://www.miramarcinemas.tw/MiramarRes/430a0c76-97aa-4037-9bbf-8658e5a5c714.jpg'),
	(46, '水行俠 失落王國', '在《水行俠 失落王國》中，先前未能打敗水行俠的黑蝠鱝依然矢志為死去的父親報仇，他將不計代價只求徹底擊敗水行俠；而這次黑蝠鱝掌握能釋放古老邪惡力量的遠古神器黑色三叉戟，變得比以往更加強大。為了對抗黑蝠鱝，水行俠必須向前亞特蘭提斯之王，如今被囚禁的弟弟歐姆求助，兩人成為意想不到的盟友；兄弟倆必須克服己見，以保衛王國、拯救水行俠的家人和全世界免於毀滅。  原班卡司全數在《水行俠 失落王國》中回歸，包含：由傑森摩莫亞飾演的亞瑟庫里／水行俠，如今必須在亞特蘭提斯之王和新手父親兩份職責之間取得平衡；派翠克威爾森飾演歐姆，身為水行俠同母異父的弟弟與宿敵，這次被迫與哥哥結盟；安柏赫德飾演梅拉，如今是亞特蘭提斯王后和王位繼承人的母親；葉海亞阿巴杜馬汀二世飾演黑蝠鱝，為了替父親復仇而誓言擊敗水行俠和他的家人，以及亞特蘭提斯王國；妮可基嫚飾演的亞特蘭娜女王是強悍的領導者，同時也是有著戰士之心的母親。杜夫朗格和藍道爾朴也分別再次飾演涅羅斯王和史蒂芬沈博士。', '2023-12-20', 'UPCOMING', '動作片', '保護級', 'https://movies.yahoo.com.tw/i/o/production/movies/September2023/uGUIHWO1aQQSYgEKr7FR-500x716.jpg'),
	(50, '自由之聲', '★震撼全球 真人實事改編 美國2023年最具爭議的電影 ★北美上映三週 票房突破一億美元 ★知名影評網站「爛番茄」超萬名觀眾給予本片99%好評 ★是一項救命的任務 也是一條自我救贖的路  故事內容由真實事件改編，講述美國國安局探員提姆(吉姆•卡維佐飾)，負責追查兒童人口販賣相關案件，在一次的任務中將小男孩從殘暴的犯罪組織中解救出來，並得知男孩的姐姐也同樣受害其中，經過一番思考，提姆決定冒險前去搶救，未料卻被政府高層阻止，不允許他再持續追查，提姆毅然決然的辭去工作，並深入哥倫比亞叢林，誓言要把女孩及孩子們從煉獄中解救出來。', '2023-09-22', 'RELEASED', '劇情片', '保護級', 'https://movies.yahoo.com.tw/i/o/production/movies/September2023/EjZpbeTU8kutK937ri0X-1080x1542.jpg'),
	(57, '挑戰者', '知名導演盧卡格達戈尼諾的全新作品《挑戰者》，片中由辛蒂亞飾演的塔希當肯曾是網球奇才，後來轉為教練，在場上和場下都有股不容忽視的強大力量。 她的丈夫由麥克費斯（《西城故事》）飾演，曾經拿下冠軍但後來屢次連敗，正當她計劃為他挽救劣勢時，發生了出乎意料的轉折；她的丈夫必須對上過氣的派屈克（影集《王冠》喬許歐康納 飾演），他曾是塔希的前男友，同時也是她丈夫過往的死黨。隨著他們的過去與現在互相衝擊，緊張局勢隨之升高，塔希必須自問，為了獲勝需要付出何種代價。', '2023-10-06', 'UPCOMING', '動作片', '輔導級', 'https://movies.yahoo.com.tw/i/o/production/movies/June2023/KtTw8d7yrcOkL8u98K6I-500x704.jpg'),
	(61, '不可能的任務：致命清算 第一章', '《不可能的任務：致命清算 第一章》（英語：Mission: Impossible – Dead Reckoning Part One）是一部2023年美國動作間諜片，由克里斯多福·麥奎里編劇和執導。該片為2018年電影《不可能的任務：全面瓦解》的續集、《不可能的任務系列》的第七部作品。主演包括湯姆·克魯斯、海莉·艾特沃、文·雷姆斯、賽門·佩吉、蕾貝卡·弗格森、凡妮莎·寇比和亨利·科澤尼。劇情講述伊森·韓特和他的不可能任務情報局（IMF）團隊展開他們迄今為止最危險的任務：阻止一件威脅著全人類的危險武器落入惡人的手中；隨著世界的命運危在旦夕，伊森過去的黑暗勢力也找上門來。', '2023-10-12', 'UPCOMING', '動作片', '普遍級', ' https://www.miramarcinemas.tw/MiramarRes/d4b98b28-0991-4bf1-8e32-fbc847c432bd.jpg');

-- 傾印  資料表 movie_theater.orders_seats 結構
CREATE TABLE IF NOT EXISTS `orders_seats` (
  `id` int(11) NOT NULL AUTO_INCREMENT,
  `order_id` int(11) DEFAULT NULL,
  `seat_id` bigint(20) DEFAULT NULL,
  PRIMARY KEY (`id`),
  KEY `FK_orders_seats_customer_order` (`order_id`),
  KEY `FK_orders_seats_seat` (`seat_id`),
  CONSTRAINT `FK_orders_seats_customer_order` FOREIGN KEY (`order_id`) REFERENCES `customer_order` (`id`) ON DELETE CASCADE ON UPDATE CASCADE,
  CONSTRAINT `FK_orders_seats_seat` FOREIGN KEY (`seat_id`) REFERENCES `seat` (`id`) ON DELETE CASCADE ON UPDATE CASCADE
) ENGINE=InnoDB AUTO_INCREMENT=243 DEFAULT CHARSET=utf8mb4 COLLATE=utf8mb4_general_ci;

-- 正在傾印表格  movie_theater.orders_seats 的資料：~12 rows (近似值)
INSERT INTO `orders_seats` (`id`, `order_id`, `seat_id`) VALUES
	(229, 213, 593),
	(230, 213, 598),
	(231, 214, 606),
	(232, 214, 609),
	(233, 215, 593),
	(234, 215, 598),
	(235, 216, 3117),
	(236, 216, 3123),
	(237, 217, 594),
	(238, 217, 600),
	(239, 218, 606),
	(240, 218, 609),
	(241, 219, 593),
	(242, 219, 598);

-- 傾印  資料表 movie_theater.role 結構
CREATE TABLE IF NOT EXISTS `role` (
  `id` int(11) NOT NULL AUTO_INCREMENT,
  `name` varchar(50) NOT NULL DEFAULT '',
  PRIMARY KEY (`id`)
) ENGINE=InnoDB AUTO_INCREMENT=3 DEFAULT CHARSET=utf8mb4 COLLATE=utf8mb4_general_ci;

-- 正在傾印表格  movie_theater.role 的資料：~2 rows (近似值)
INSERT INTO `role` (`id`, `name`) VALUES
	(1, 'ROLE_USER'),
	(2, 'ROLE_ADMIN');

-- 傾印  資料表 movie_theater.seat 結構
CREATE TABLE IF NOT EXISTS `seat` (
  `id` bigint(20) NOT NULL AUTO_INCREMENT,
  `seat_row` varchar(50) NOT NULL DEFAULT 'A',
  `seat_number` varchar(50) NOT NULL,
  `is_available` int(11) NOT NULL,
  `movie_id` int(11) NOT NULL,
  `session_id` int(11) DEFAULT 1,
  PRIMARY KEY (`id`),
  KEY `FK_seat_movie` (`movie_id`),
  KEY `FK_seat_session` (`session_id`),
  CONSTRAINT `FK_seat_movie` FOREIGN KEY (`movie_id`) REFERENCES `movie` (`id`) ON DELETE CASCADE ON UPDATE CASCADE,
  CONSTRAINT `FK_seat_session` FOREIGN KEY (`session_id`) REFERENCES `session` (`id`) ON DELETE CASCADE ON UPDATE CASCADE
) ENGINE=InnoDB AUTO_INCREMENT=3435 DEFAULT CHARSET=utf8mb4 COLLATE=utf8mb4_general_ci;

-- 正在傾印表格  movie_theater.seat 的資料：~1,432 rows (近似值)
INSERT INTO `seat` (`id`, `seat_row`, `seat_number`, `is_available`, `movie_id`, `session_id`) VALUES
	(588, 'A', '9', 1, 1, 44),
	(589, 'B', '9', 1, 1, 44),
	(590, 'C', '9', 1, 1, 44),
	(591, 'E', '9', 1, 1, 44),
	(592, 'D', '9', 1, 1, 44),
	(593, 'A', '10', 0, 1, 44),
	(594, 'B', '10', 0, 1, 44),
	(595, 'C', '10', 1, 1, 44),
	(596, 'E', '10', 1, 1, 44),
	(597, 'D', '10', 1, 1, 44),
	(598, 'A', '11', 0, 1, 44),
	(599, 'E', '11', 1, 1, 44),
	(600, 'B', '11', 0, 1, 44),
	(601, 'C', '11', 1, 1, 44),
	(602, 'D', '11', 1, 1, 44),
	(603, 'B', '12', 1, 1, 44),
	(604, 'E', '12', 1, 1, 44),
	(605, 'C', '12', 1, 1, 44),
	(606, 'A', '12', 0, 1, 44),
	(607, 'F', '9', 1, 1, 44),
	(608, 'D', '12', 1, 1, 44),
	(609, 'A', '13', 0, 1, 44),
	(610, 'E', '13', 1, 1, 44),
	(611, 'C', '13', 1, 1, 44),
	(612, 'B', '13', 1, 1, 44),
	(613, 'D', '13', 1, 1, 44),
	(614, 'F', '10', 1, 1, 44),
	(616, 'E', '14', 1, 1, 44),
	(617, 'B', '14', 1, 1, 44),
	(618, 'C', '14', 1, 1, 44),
	(619, 'F', '11', 1, 1, 44),
	(620, 'C', '15', 1, 1, 44),
	(621, 'B', '15', 1, 1, 44),
	(622, 'D', '14', 1, 1, 44),
	(623, 'E', '15', 1, 1, 44),
	(624, 'A', '15', 1, 1, 44),
	(625, 'C', '16', 1, 1, 44),
	(626, 'B', '16', 1, 1, 44),
	(627, 'A', '16', 1, 1, 44),
	(628, 'F', '12', 1, 1, 44),
	(629, 'D', '15', 1, 1, 44),
	(630, 'E', '16', 1, 1, 44),
	(631, 'C', '17', 1, 1, 44),
	(632, 'B', '17', 1, 1, 44),
	(633, 'F', '13', 1, 1, 44),
	(634, 'D', '16', 1, 1, 44),
	(635, 'E', '17', 1, 1, 44),
	(636, 'A', '17', 1, 1, 44),
	(637, 'B', '18', 1, 1, 44),
	(638, 'C', '18', 1, 1, 44),
	(639, 'F', '14', 1, 1, 44),
	(640, 'D', '17', 1, 1, 44),
	(641, 'E', '18', 1, 1, 44),
	(642, 'A', '18', 1, 1, 44),
	(643, 'B', '19', 1, 1, 44),
	(644, 'C', '19', 1, 1, 44),
	(645, 'D', '18', 1, 1, 44),
	(646, 'F', '15', 1, 1, 44),
	(647, 'E', '19', 1, 1, 44),
	(648, 'A', '19', 1, 1, 44),
	(649, 'B', '20', 1, 1, 44),
	(650, 'D', '19', 1, 1, 44),
	(651, 'F', '16', 1, 1, 44),
	(652, 'F', '17', 1, 1, 44),
	(653, 'E', '20', 1, 1, 44),
	(654, 'C', '20', 1, 1, 44),
	(655, 'D', '20', 1, 1, 44),
	(656, 'A', '20', 1, 1, 44),
	(657, 'F', '18', 1, 1, 44),
	(658, 'F', '19', 1, 1, 44),
	(659, 'F', '20', 1, 1, 44),
	(660, 'G', '9', 1, 1, 44),
	(661, 'G', '10', 1, 1, 44),
	(662, 'H', '9', 1, 1, 44),
	(663, 'G', '11', 1, 1, 44),
	(664, 'H', '10', 1, 1, 44),
	(665, 'G', '12', 1, 1, 44),
	(666, 'K', '9', 1, 1, 44),
	(667, 'L', '9', 1, 1, 44),
	(668, 'H', '11', 1, 1, 44),
	(669, 'J', '9', 1, 1, 44),
	(670, 'G', '13', 1, 1, 44),
	(671, 'K', '10', 1, 1, 44),
	(672, 'H', '12', 1, 1, 44),
	(673, 'L', '10', 1, 1, 44),
	(674, 'I', '9', 1, 1, 44),
	(675, 'G', '14', 1, 1, 44),
	(676, 'K', '11', 1, 1, 44),
	(677, 'J', '10', 1, 1, 44),
	(678, 'H', '13', 1, 1, 44),
	(679, 'L', '11', 1, 1, 44),
	(680, 'I', '10', 1, 1, 44),
	(681, 'G', '15', 1, 1, 44),
	(682, 'K', '12', 1, 1, 44),
	(683, 'H', '14', 1, 1, 44),
	(684, 'L', '12', 1, 1, 44),
	(685, 'J', '11', 1, 1, 44),
	(686, 'I', '11', 1, 1, 44),
	(687, 'G', '16', 1, 1, 44),
	(688, 'K', '13', 1, 1, 44),
	(689, 'J', '12', 1, 1, 44),
	(690, 'L', '13', 1, 1, 44),
	(691, 'H', '15', 1, 1, 44),
	(692, 'I', '12', 1, 1, 44),
	(693, 'L', '14', 1, 1, 44),
	(694, 'K', '14', 1, 1, 44),
	(695, 'G', '17', 1, 1, 44),
	(696, 'I', '13', 1, 1, 44),
	(697, 'J', '13', 1, 1, 44),
	(698, 'H', '16', 1, 1, 44),
	(699, 'L', '15', 1, 1, 44),
	(700, 'K', '15', 1, 1, 44),
	(701, 'G', '18', 1, 1, 44),
	(702, 'I', '14', 1, 1, 44),
	(703, 'H', '17', 1, 1, 44),
	(704, 'J', '14', 1, 1, 44),
	(705, 'L', '16', 1, 1, 44),
	(706, 'K', '16', 1, 1, 44),
	(707, 'G', '19', 1, 1, 44),
	(708, 'I', '15', 1, 1, 44),
	(709, 'J', '15', 1, 1, 44),
	(710, 'H', '18', 1, 1, 44),
	(711, 'K', '17', 1, 1, 44),
	(712, 'H', '19', 1, 1, 44),
	(713, 'G', '20', 1, 1, 44),
	(714, 'J', '16', 1, 1, 44),
	(715, 'L', '17', 1, 1, 44),
	(716, 'I', '16', 1, 1, 44),
	(717, 'K', '18', 1, 1, 44),
	(718, 'H', '20', 1, 1, 44),
	(719, 'J', '17', 1, 1, 44),
	(720, 'I', '17', 1, 1, 44),
	(721, 'K', '19', 1, 1, 44),
	(722, 'I', '18', 1, 1, 44),
	(723, 'J', '18', 1, 1, 44),
	(724, 'L', '18', 1, 1, 44),
	(725, 'K', '20', 1, 1, 44),
	(726, 'J', '19', 1, 1, 44),
	(727, 'L', '19', 1, 1, 44),
	(728, 'I', '19', 1, 1, 44),
	(729, 'L', '20', 1, 1, 44),
	(730, 'J', '20', 1, 1, 44),
	(731, 'I', '20', 1, 1, 44),
	(732, 'M', '9', 1, 1, 44),
	(733, 'M', '10', 1, 1, 44),
	(734, 'M', '11', 1, 1, 44),
	(735, 'M', '12', 1, 1, 44),
	(736, 'M', '13', 1, 1, 44),
	(737, 'M', '14', 1, 1, 44),
	(738, 'M', '15', 1, 1, 44),
	(739, 'M', '16', 1, 1, 44),
	(740, 'M', '17', 1, 1, 44),
	(741, 'M', '18', 1, 1, 44),
	(742, 'M', '19', 1, 1, 44),
	(743, 'M', '20', 1, 1, 44),
	(900, 'B', '9', 1, 30, 46),
	(901, 'A', '9', 1, 30, 46),
	(902, 'F', '9', 1, 30, 46),
	(903, 'E', '9', 1, 30, 46),
	(904, 'F', '10', 1, 30, 46),
	(905, 'B', '10', 1, 30, 46),
	(906, 'E', '10', 1, 30, 46),
	(907, 'F', '11', 1, 30, 46),
	(908, 'A', '10', 1, 30, 46),
	(909, 'B', '11', 1, 30, 46),
	(910, 'F', '12', 1, 30, 46),
	(911, 'E', '11', 1, 30, 46),
	(912, 'B', '12', 1, 30, 46),
	(913, 'D', '9', 1, 30, 46),
	(914, 'A', '11', 1, 30, 46),
	(915, 'E', '12', 1, 30, 46),
	(916, 'F', '13', 1, 30, 46),
	(917, 'C', '9', 1, 30, 46),
	(918, 'D', '10', 1, 30, 46),
	(919, 'B', '13', 1, 30, 46),
	(920, 'C', '10', 1, 30, 46),
	(921, 'F', '14', 1, 30, 46),
	(922, 'E', '13', 1, 30, 46),
	(923, 'A', '12', 1, 30, 46),
	(924, 'D', '11', 1, 30, 46),
	(925, 'B', '14', 1, 30, 46),
	(926, 'E', '14', 1, 30, 46),
	(927, 'A', '13', 1, 30, 46),
	(928, 'C', '11', 1, 30, 46),
	(929, 'F', '15', 1, 30, 46),
	(930, 'D', '12', 1, 30, 46),
	(931, 'B', '15', 1, 30, 46),
	(932, 'E', '15', 1, 30, 46),
	(933, 'A', '14', 1, 30, 46),
	(934, 'F', '16', 1, 30, 46),
	(935, 'C', '12', 1, 30, 46),
	(936, 'D', '13', 1, 30, 46),
	(937, 'B', '16', 1, 30, 46),
	(938, 'C', '13', 1, 30, 46),
	(939, 'E', '16', 1, 30, 46),
	(940, 'A', '15', 1, 30, 46),
	(941, 'F', '17', 1, 30, 46),
	(942, 'D', '14', 1, 30, 46),
	(943, 'F', '18', 1, 30, 46),
	(944, 'A', '16', 1, 30, 46),
	(945, 'B', '17', 1, 30, 46),
	(946, 'E', '17', 1, 30, 46),
	(947, 'C', '14', 1, 30, 46),
	(948, 'D', '15', 1, 30, 46),
	(949, 'E', '18', 1, 30, 46),
	(950, 'F', '19', 1, 30, 46),
	(951, 'B', '18', 1, 30, 46),
	(952, 'C', '15', 1, 30, 46),
	(953, 'A', '17', 1, 30, 46),
	(954, 'D', '16', 1, 30, 46),
	(955, 'A', '18', 1, 30, 46),
	(956, 'E', '19', 1, 30, 46),
	(957, 'F', '20', 1, 30, 46),
	(958, 'B', '19', 1, 30, 46),
	(959, 'C', '16', 1, 30, 46),
	(960, 'D', '17', 1, 30, 46),
	(961, 'E', '20', 1, 30, 46),
	(962, 'A', '19', 1, 30, 46),
	(963, 'C', '17', 1, 30, 46),
	(964, 'D', '18', 1, 30, 46),
	(965, 'B', '20', 1, 30, 46),
	(966, 'A', '20', 1, 30, 46),
	(967, 'C', '18', 1, 30, 46),
	(968, 'D', '19', 1, 30, 46),
	(969, 'C', '19', 1, 30, 46),
	(970, 'D', '20', 1, 30, 46),
	(971, 'C', '20', 1, 30, 46),
	(972, 'G', '9', 1, 30, 46),
	(973, 'I', '9', 1, 30, 46),
	(974, 'H', '9', 1, 30, 46),
	(975, 'G', '10', 1, 30, 46),
	(976, 'I', '10', 1, 30, 46),
	(977, 'J', '9', 1, 30, 46),
	(978, 'K', '9', 1, 30, 46),
	(979, 'H', '10', 1, 30, 46),
	(980, 'G', '11', 1, 30, 46),
	(981, 'I', '11', 1, 30, 46),
	(982, 'J', '10', 1, 30, 46),
	(983, 'K', '10', 1, 30, 46),
	(984, 'G', '12', 1, 30, 46),
	(985, 'I', '12', 1, 30, 46),
	(986, 'H', '11', 1, 30, 46),
	(987, 'J', '11', 1, 30, 46),
	(988, 'K', '11', 1, 30, 46),
	(989, 'G', '13', 1, 30, 46),
	(990, 'I', '13', 1, 30, 46),
	(991, 'G', '14', 1, 30, 46),
	(992, 'K', '12', 1, 30, 46),
	(993, 'H', '12', 1, 30, 46),
	(994, 'J', '12', 1, 30, 46),
	(995, 'I', '14', 1, 30, 46),
	(996, 'G', '15', 1, 30, 46),
	(997, 'K', '13', 1, 30, 46),
	(998, 'L', '9', 1, 30, 46),
	(999, 'J', '13', 1, 30, 46),
	(1000, 'I', '15', 1, 30, 46),
	(1001, 'H', '13', 1, 30, 46),
	(1002, 'L', '10', 1, 30, 46),
	(1003, 'G', '16', 1, 30, 46),
	(1004, 'K', '14', 1, 30, 46),
	(1005, 'H', '14', 1, 30, 46),
	(1006, 'I', '16', 1, 30, 46),
	(1007, 'J', '14', 1, 30, 46),
	(1008, 'L', '11', 1, 30, 46),
	(1009, 'G', '17', 1, 30, 46),
	(1010, 'K', '15', 1, 30, 46),
	(1011, 'H', '15', 1, 30, 46),
	(1012, 'I', '17', 1, 30, 46),
	(1013, 'J', '15', 1, 30, 46),
	(1014, 'L', '12', 1, 30, 46),
	(1015, 'K', '16', 1, 30, 46),
	(1016, 'G', '18', 1, 30, 46),
	(1017, 'I', '18', 1, 30, 46),
	(1018, 'H', '16', 1, 30, 46),
	(1019, 'J', '16', 1, 30, 46),
	(1020, 'L', '13', 1, 30, 46),
	(1021, 'K', '17', 1, 30, 46),
	(1022, 'I', '19', 1, 30, 46),
	(1023, 'G', '19', 1, 30, 46),
	(1024, 'H', '17', 1, 30, 46),
	(1025, 'J', '17', 1, 30, 46),
	(1026, 'L', '14', 1, 30, 46),
	(1027, 'I', '20', 1, 30, 46),
	(1028, 'G', '20', 1, 30, 46),
	(1029, 'H', '18', 1, 30, 46),
	(1030, 'K', '18', 1, 30, 46),
	(1031, 'J', '18', 1, 30, 46),
	(1032, 'L', '15', 1, 30, 46),
	(1033, 'H', '19', 1, 30, 46),
	(1034, 'K', '19', 1, 30, 46),
	(1035, 'J', '19', 1, 30, 46),
	(1036, 'L', '16', 1, 30, 46),
	(1037, 'H', '20', 1, 30, 46),
	(1038, 'J', '20', 1, 30, 46),
	(1039, 'K', '20', 1, 30, 46),
	(1040, 'L', '17', 1, 30, 46),
	(1041, 'L', '18', 1, 30, 46),
	(1042, 'L', '19', 1, 30, 46),
	(1043, 'L', '20', 1, 30, 46),
	(1044, 'M', '9', 1, 30, 46),
	(1045, 'M', '10', 1, 30, 46),
	(1046, 'M', '11', 1, 30, 46),
	(1047, 'M', '12', 1, 30, 46),
	(1048, 'M', '13', 1, 30, 46),
	(1049, 'M', '14', 1, 30, 46),
	(1050, 'M', '15', 1, 30, 46),
	(1051, 'M', '16', 1, 30, 46),
	(1052, 'M', '17', 1, 30, 46),
	(1053, 'M', '18', 1, 30, 46),
	(1054, 'M', '19', 1, 30, 46),
	(1055, 'M', '20', 1, 30, 46),
	(1056, 'A', '9', 1, 34, 47),
	(1057, 'E', '9', 1, 34, 47),
	(1058, 'D', '9', 1, 34, 47),
	(1059, 'C', '9', 1, 34, 47),
	(1060, 'F', '9', 1, 34, 47),
	(1061, 'B', '9', 1, 34, 47),
	(1062, 'A', '10', 1, 34, 47),
	(1063, 'B', '10', 1, 34, 47),
	(1064, 'C', '10', 1, 34, 47),
	(1065, 'F', '10', 1, 34, 47),
	(1066, 'D', '10', 1, 34, 47),
	(1067, 'A', '11', 1, 34, 47),
	(1068, 'E', '10', 1, 34, 47),
	(1069, 'F', '11', 1, 34, 47),
	(1070, 'C', '11', 1, 34, 47),
	(1071, 'D', '11', 1, 34, 47),
	(1072, 'B', '11', 1, 34, 47),
	(1073, 'A', '12', 1, 34, 47),
	(1074, 'F', '12', 1, 34, 47),
	(1075, 'B', '12', 1, 34, 47),
	(1076, 'E', '11', 1, 34, 47),
	(1077, 'D', '12', 1, 34, 47),
	(1078, 'C', '12', 1, 34, 47),
	(1079, 'A', '13', 1, 34, 47),
	(1080, 'B', '13', 1, 34, 47),
	(1081, 'E', '12', 1, 34, 47),
	(1082, 'D', '13', 1, 34, 47),
	(1083, 'F', '13', 1, 34, 47),
	(1084, 'A', '14', 1, 34, 47),
	(1085, 'C', '13', 1, 34, 47),
	(1086, 'B', '14', 1, 34, 47),
	(1087, 'D', '14', 1, 34, 47),
	(1088, 'F', '14', 1, 34, 47),
	(1089, 'E', '13', 1, 34, 47),
	(1090, 'A', '15', 1, 34, 47),
	(1091, 'D', '15', 1, 34, 47),
	(1092, 'C', '14', 1, 34, 47),
	(1093, 'B', '15', 1, 34, 47),
	(1094, 'F', '15', 1, 34, 47),
	(1095, 'D', '16', 1, 34, 47),
	(1096, 'A', '16', 1, 34, 47),
	(1097, 'C', '15', 1, 34, 47),
	(1098, 'B', '16', 1, 34, 47),
	(1099, 'E', '14', 1, 34, 47),
	(1100, 'A', '17', 1, 34, 47),
	(1101, 'C', '16', 1, 34, 47),
	(1102, 'E', '15', 1, 34, 47),
	(1103, 'F', '16', 1, 34, 47),
	(1104, 'B', '17', 1, 34, 47),
	(1105, 'D', '17', 1, 34, 47),
	(1106, 'A', '18', 1, 34, 47),
	(1107, 'E', '16', 1, 34, 47),
	(1108, 'C', '17', 1, 34, 47),
	(1109, 'F', '17', 1, 34, 47),
	(1110, 'B', '18', 1, 34, 47),
	(1111, 'A', '19', 1, 34, 47),
	(1112, 'D', '18', 1, 34, 47),
	(1113, 'E', '17', 1, 34, 47),
	(1114, 'C', '18', 1, 34, 47),
	(1115, 'A', '20', 1, 34, 47),
	(1116, 'B', '19', 1, 34, 47),
	(1117, 'F', '18', 1, 34, 47),
	(1118, 'D', '19', 1, 34, 47),
	(1119, 'C', '19', 1, 34, 47),
	(1120, 'E', '18', 1, 34, 47),
	(1121, 'F', '19', 1, 34, 47),
	(1122, 'D', '20', 1, 34, 47),
	(1123, 'B', '20', 1, 34, 47),
	(1124, 'C', '20', 1, 34, 47),
	(1125, 'E', '19', 1, 34, 47),
	(1126, 'F', '20', 1, 34, 47),
	(1127, 'E', '20', 1, 34, 47),
	(1128, 'K', '9', 1, 34, 47),
	(1129, 'G', '9', 1, 34, 47),
	(1130, 'I', '9', 1, 34, 47),
	(1131, 'G', '10', 1, 34, 47),
	(1132, 'K', '10', 1, 34, 47),
	(1133, 'I', '10', 1, 34, 47),
	(1134, 'G', '11', 1, 34, 47),
	(1135, 'J', '9', 1, 34, 47),
	(1136, 'K', '11', 1, 34, 47),
	(1137, 'I', '11', 1, 34, 47),
	(1138, 'G', '12', 1, 34, 47),
	(1139, 'K', '12', 1, 34, 47),
	(1140, 'J', '10', 1, 34, 47),
	(1141, 'I', '12', 1, 34, 47),
	(1142, 'G', '13', 1, 34, 47),
	(1143, 'H', '9', 1, 34, 47),
	(1144, 'J', '11', 1, 34, 47),
	(1145, 'K', '13', 1, 34, 47),
	(1146, 'I', '13', 1, 34, 47),
	(1147, 'G', '14', 1, 34, 47),
	(1148, 'J', '12', 1, 34, 47),
	(1149, 'H', '10', 1, 34, 47),
	(1150, 'K', '14', 1, 34, 47),
	(1151, 'G', '15', 1, 34, 47),
	(1152, 'J', '13', 1, 34, 47),
	(1153, 'H', '11', 1, 34, 47),
	(1154, 'K', '15', 1, 34, 47),
	(1155, 'I', '14', 1, 34, 47),
	(1156, 'L', '9', 1, 34, 47),
	(1157, 'G', '16', 1, 34, 47),
	(1158, 'H', '12', 1, 34, 47),
	(1159, 'I', '15', 1, 34, 47),
	(1160, 'K', '16', 1, 34, 47),
	(1161, 'J', '14', 1, 34, 47),
	(1162, 'L', '10', 1, 34, 47),
	(1163, 'G', '17', 1, 34, 47),
	(1164, 'L', '11', 1, 34, 47),
	(1165, 'J', '15', 1, 34, 47),
	(1166, 'H', '13', 1, 34, 47),
	(1167, 'G', '18', 1, 34, 47),
	(1168, 'K', '17', 1, 34, 47),
	(1169, 'I', '16', 1, 34, 47),
	(1170, 'L', '12', 1, 34, 47),
	(1171, 'I', '17', 1, 34, 47),
	(1172, 'H', '14', 1, 34, 47),
	(1173, 'J', '16', 1, 34, 47),
	(1174, 'K', '18', 1, 34, 47),
	(1175, 'G', '19', 1, 34, 47),
	(1176, 'L', '13', 1, 34, 47),
	(1177, 'I', '18', 1, 34, 47),
	(1178, 'J', '17', 1, 34, 47),
	(1179, 'K', '19', 1, 34, 47),
	(1180, 'H', '15', 1, 34, 47),
	(1181, 'G', '20', 1, 34, 47),
	(1182, 'K', '20', 1, 34, 47),
	(1183, 'L', '14', 1, 34, 47),
	(1184, 'I', '19', 1, 34, 47),
	(1185, 'J', '18', 1, 34, 47),
	(1186, 'H', '16', 1, 34, 47),
	(1187, 'I', '20', 1, 34, 47),
	(1188, 'J', '19', 1, 34, 47),
	(1189, 'L', '15', 1, 34, 47),
	(1190, 'H', '17', 1, 34, 47),
	(1191, 'L', '16', 1, 34, 47),
	(1192, 'J', '20', 1, 34, 47),
	(1193, 'L', '17', 1, 34, 47),
	(1194, 'H', '18', 1, 34, 47),
	(1195, 'L', '18', 1, 34, 47),
	(1196, 'H', '19', 1, 34, 47),
	(1197, 'L', '19', 1, 34, 47),
	(1198, 'L', '20', 1, 34, 47),
	(1199, 'H', '20', 1, 34, 47),
	(1200, 'M', '9', 1, 34, 47),
	(1201, 'M', '10', 1, 34, 47),
	(1202, 'M', '11', 1, 34, 47),
	(1203, 'M', '12', 1, 34, 47),
	(1204, 'M', '13', 1, 34, 47),
	(1205, 'M', '14', 1, 34, 47),
	(1206, 'M', '15', 1, 34, 47),
	(1207, 'M', '16', 1, 34, 47),
	(1208, 'M', '17', 1, 34, 47),
	(1209, 'M', '18', 1, 34, 47),
	(1210, 'M', '19', 1, 34, 47),
	(1211, 'M', '20', 1, 34, 47),
	(1212, 'A', '9', 1, 34, 48),
	(1213, 'F', '9', 1, 34, 48),
	(1214, 'E', '9', 1, 34, 48),
	(1215, 'D', '9', 1, 34, 48),
	(1216, 'B', '9', 1, 34, 48),
	(1217, 'A', '10', 1, 34, 48),
	(1218, 'C', '9', 1, 34, 48),
	(1219, 'E', '10', 1, 34, 48),
	(1220, 'F', '10', 1, 34, 48),
	(1221, 'D', '10', 1, 34, 48),
	(1222, 'B', '10', 1, 34, 48),
	(1223, 'A', '11', 1, 34, 48),
	(1224, 'C', '10', 1, 34, 48),
	(1225, 'E', '11', 1, 34, 48),
	(1226, 'F', '11', 1, 34, 48),
	(1227, 'D', '11', 1, 34, 48),
	(1228, 'B', '11', 1, 34, 48),
	(1229, 'A', '12', 1, 34, 48),
	(1230, 'E', '12', 1, 34, 48),
	(1231, 'C', '11', 1, 34, 48),
	(1232, 'F', '12', 1, 34, 48),
	(1233, 'A', '13', 1, 34, 48),
	(1234, 'B', '12', 1, 34, 48),
	(1235, 'E', '13', 1, 34, 48),
	(1236, 'F', '13', 1, 34, 48),
	(1237, 'C', '12', 1, 34, 48),
	(1238, 'D', '12', 1, 34, 48),
	(1239, 'A', '14', 1, 34, 48),
	(1240, 'F', '14', 1, 34, 48),
	(1241, 'B', '13', 1, 34, 48),
	(1242, 'E', '14', 1, 34, 48),
	(1243, 'C', '13', 1, 34, 48),
	(1244, 'D', '13', 1, 34, 48),
	(1245, 'A', '15', 1, 34, 48),
	(1246, 'E', '15', 1, 34, 48),
	(1247, 'D', '14', 1, 34, 48),
	(1248, 'B', '14', 1, 34, 48),
	(1249, 'C', '14', 1, 34, 48),
	(1250, 'F', '15', 1, 34, 48),
	(1251, 'A', '16', 1, 34, 48),
	(1252, 'E', '16', 1, 34, 48),
	(1253, 'D', '15', 1, 34, 48),
	(1254, 'C', '15', 1, 34, 48),
	(1255, 'B', '15', 1, 34, 48),
	(1256, 'F', '16', 1, 34, 48),
	(1257, 'A', '17', 1, 34, 48),
	(1258, 'C', '16', 1, 34, 48),
	(1259, 'E', '17', 1, 34, 48),
	(1260, 'B', '16', 1, 34, 48),
	(1261, 'D', '16', 1, 34, 48),
	(1262, 'F', '17', 1, 34, 48),
	(1263, 'A', '18', 1, 34, 48),
	(1264, 'B', '17', 1, 34, 48),
	(1265, 'F', '18', 1, 34, 48),
	(1266, 'C', '17', 1, 34, 48),
	(1267, 'E', '18', 1, 34, 48),
	(1268, 'D', '17', 1, 34, 48),
	(1269, 'A', '19', 1, 34, 48),
	(1270, 'D', '18', 1, 34, 48),
	(1271, 'E', '19', 1, 34, 48),
	(1272, 'B', '18', 1, 34, 48),
	(1273, 'F', '19', 1, 34, 48),
	(1274, 'A', '20', 1, 34, 48),
	(1275, 'C', '18', 1, 34, 48),
	(1276, 'D', '19', 1, 34, 48),
	(1277, 'B', '19', 1, 34, 48),
	(1278, 'F', '20', 1, 34, 48),
	(1279, 'E', '20', 1, 34, 48),
	(1280, 'C', '19', 1, 34, 48),
	(1281, 'D', '20', 1, 34, 48),
	(1282, 'B', '20', 1, 34, 48),
	(1283, 'C', '20', 1, 34, 48),
	(1284, 'G', '9', 1, 34, 48),
	(1285, 'I', '9', 1, 34, 48),
	(1286, 'J', '9', 1, 34, 48),
	(1287, 'K', '9', 1, 34, 48),
	(1288, 'G', '10', 1, 34, 48),
	(1289, 'H', '9', 1, 34, 48),
	(1290, 'I', '10', 1, 34, 48),
	(1291, 'J', '10', 1, 34, 48),
	(1292, 'K', '10', 1, 34, 48),
	(1293, 'G', '11', 1, 34, 48),
	(1294, 'H', '10', 1, 34, 48),
	(1295, 'I', '11', 1, 34, 48),
	(1296, 'J', '11', 1, 34, 48),
	(1297, 'K', '11', 1, 34, 48),
	(1298, 'G', '12', 1, 34, 48),
	(1299, 'H', '11', 1, 34, 48),
	(1300, 'L', '9', 1, 34, 48),
	(1301, 'K', '12', 1, 34, 48),
	(1302, 'I', '12', 1, 34, 48),
	(1303, 'J', '12', 1, 34, 48),
	(1304, 'L', '10', 1, 34, 48),
	(1305, 'G', '13', 1, 34, 48),
	(1306, 'H', '12', 1, 34, 48),
	(1307, 'K', '13', 1, 34, 48),
	(1308, 'I', '13', 1, 34, 48),
	(1309, 'J', '13', 1, 34, 48),
	(1310, 'L', '11', 1, 34, 48),
	(1311, 'G', '14', 1, 34, 48),
	(1312, 'I', '14', 1, 34, 48),
	(1313, 'H', '13', 1, 34, 48),
	(1314, 'K', '14', 1, 34, 48),
	(1315, 'L', '12', 1, 34, 48),
	(1316, 'G', '15', 1, 34, 48),
	(1317, 'J', '14', 1, 34, 48),
	(1318, 'I', '15', 1, 34, 48),
	(1319, 'K', '15', 1, 34, 48),
	(1320, 'H', '14', 1, 34, 48),
	(1321, 'L', '13', 1, 34, 48),
	(1322, 'G', '16', 1, 34, 48),
	(1323, 'J', '15', 1, 34, 48),
	(1324, 'I', '16', 1, 34, 48),
	(1325, 'K', '16', 1, 34, 48),
	(1326, 'H', '15', 1, 34, 48),
	(1327, 'G', '17', 1, 34, 48),
	(1328, 'L', '14', 1, 34, 48),
	(1329, 'J', '16', 1, 34, 48),
	(1330, 'I', '17', 1, 34, 48),
	(1331, 'K', '17', 1, 34, 48),
	(1332, 'H', '16', 1, 34, 48),
	(1333, 'L', '15', 1, 34, 48),
	(1334, 'G', '18', 1, 34, 48),
	(1335, 'J', '17', 1, 34, 48),
	(1336, 'K', '18', 1, 34, 48),
	(1337, 'H', '17', 1, 34, 48),
	(1338, 'I', '18', 1, 34, 48),
	(1339, 'J', '18', 1, 34, 48),
	(1340, 'L', '16', 1, 34, 48),
	(1341, 'G', '19', 1, 34, 48),
	(1342, 'I', '19', 1, 34, 48),
	(1343, 'K', '19', 1, 34, 48),
	(1344, 'H', '18', 1, 34, 48),
	(1345, 'L', '17', 1, 34, 48),
	(1346, 'J', '19', 1, 34, 48),
	(1347, 'G', '20', 1, 34, 48),
	(1348, 'H', '19', 1, 34, 48),
	(1349, 'K', '20', 1, 34, 48),
	(1350, 'I', '20', 1, 34, 48),
	(1351, 'J', '20', 1, 34, 48),
	(1352, 'L', '18', 1, 34, 48),
	(1353, 'H', '20', 1, 34, 48),
	(1354, 'L', '19', 1, 34, 48),
	(1355, 'L', '20', 1, 34, 48),
	(1356, 'M', '9', 1, 34, 48),
	(1357, 'M', '10', 1, 34, 48),
	(1358, 'M', '11', 1, 34, 48),
	(1359, 'M', '12', 1, 34, 48),
	(1360, 'M', '13', 1, 34, 48),
	(1361, 'M', '14', 1, 34, 48),
	(1362, 'M', '15', 1, 34, 48),
	(1363, 'M', '16', 1, 34, 48),
	(1364, 'M', '17', 1, 34, 48),
	(1365, 'M', '18', 1, 34, 48),
	(1366, 'M', '19', 1, 34, 48),
	(1367, 'M', '20', 1, 34, 48),
	(1368, 'A', '2', 1, 34, 48),
	(1369, 'A', '3', 1, 34, 48),
	(1370, 'A', '4', 1, 34, 48),
	(1371, 'A', '5', 1, 34, 48),
	(1372, 'A', '6', 1, 34, 48),
	(1373, 'A', '7', 1, 34, 48),
	(1374, 'A', '8', 1, 34, 48),
	(2311, 'E', '9', 1, 1, 60),
	(2312, 'D', '9', 1, 1, 60),
	(2313, 'A', '9', 1, 1, 60),
	(2314, 'C', '9', 1, 1, 60),
	(2315, 'F', '9', 1, 1, 60),
	(2316, 'D', '10', 1, 1, 60),
	(2317, 'A', '10', 1, 1, 60),
	(2318, 'B', '9', 1, 1, 60),
	(2319, 'E', '10', 1, 1, 60),
	(2320, 'C', '10', 1, 1, 60),
	(2321, 'D', '11', 1, 1, 60),
	(2322, 'F', '10', 1, 1, 60),
	(2323, 'A', '11', 1, 1, 60),
	(2324, 'B', '10', 1, 1, 60),
	(2325, 'E', '11', 1, 1, 60),
	(2326, 'C', '11', 1, 1, 60),
	(2327, 'A', '12', 1, 1, 60),
	(2328, 'E', '12', 1, 1, 60),
	(2329, 'D', '12', 1, 1, 60),
	(2330, 'B', '11', 1, 1, 60),
	(2331, 'C', '12', 1, 1, 60),
	(2332, 'F', '11', 1, 1, 60),
	(2333, 'A', '13', 1, 1, 60),
	(2334, 'E', '13', 1, 1, 60),
	(2335, 'D', '13', 1, 1, 60),
	(2336, 'C', '13', 1, 1, 60),
	(2337, 'B', '12', 1, 1, 60),
	(2338, 'F', '12', 1, 1, 60),
	(2339, 'A', '14', 1, 1, 60),
	(2340, 'E', '14', 1, 1, 60),
	(2341, 'C', '14', 1, 1, 60),
	(2342, 'E', '15', 1, 1, 60),
	(2343, 'B', '13', 1, 1, 60),
	(2344, 'D', '14', 1, 1, 60),
	(2345, 'A', '15', 1, 1, 60),
	(2346, 'F', '13', 1, 1, 60),
	(2347, 'E', '16', 1, 1, 60),
	(2348, 'B', '14', 1, 1, 60),
	(2349, 'D', '15', 1, 1, 60),
	(2350, 'C', '15', 1, 1, 60),
	(2351, 'A', '16', 1, 1, 60),
	(2352, 'B', '15', 1, 1, 60),
	(2353, 'F', '14', 1, 1, 60),
	(2354, 'D', '16', 1, 1, 60),
	(2355, 'C', '16', 1, 1, 60),
	(2356, 'E', '17', 1, 1, 60),
	(2357, 'F', '15', 1, 1, 60),
	(2358, 'D', '17', 1, 1, 60),
	(2359, 'A', '17', 1, 1, 60),
	(2360, 'C', '17', 1, 1, 60),
	(2361, 'B', '16', 1, 1, 60),
	(2362, 'E', '18', 1, 1, 60),
	(2363, 'F', '16', 1, 1, 60),
	(2364, 'D', '18', 1, 1, 60),
	(2365, 'A', '18', 1, 1, 60),
	(2366, 'B', '17', 1, 1, 60),
	(2367, 'C', '18', 1, 1, 60),
	(2368, 'E', '19', 1, 1, 60),
	(2369, 'D', '19', 1, 1, 60),
	(2370, 'C', '19', 1, 1, 60),
	(2371, 'A', '19', 1, 1, 60),
	(2372, 'F', '17', 1, 1, 60),
	(2373, 'B', '18', 1, 1, 60),
	(2374, 'E', '20', 1, 1, 60),
	(2375, 'F', '18', 1, 1, 60),
	(2376, 'D', '20', 1, 1, 60),
	(2377, 'C', '20', 1, 1, 60),
	(2378, 'A', '20', 1, 1, 60),
	(2379, 'F', '19', 1, 1, 60),
	(2380, 'B', '19', 1, 1, 60),
	(2381, 'B', '20', 1, 1, 60),
	(2382, 'F', '20', 1, 1, 60),
	(2383, 'H', '9', 1, 1, 60),
	(2384, 'H', '10', 1, 1, 60),
	(2385, 'K', '9', 1, 1, 60),
	(2386, 'H', '11', 1, 1, 60),
	(2387, 'J', '9', 1, 1, 60),
	(2388, 'I', '9', 1, 1, 60),
	(2389, 'K', '10', 1, 1, 60),
	(2390, 'K', '11', 1, 1, 60),
	(2391, 'H', '12', 1, 1, 60),
	(2392, 'I', '10', 1, 1, 60),
	(2393, 'L', '9', 1, 1, 60),
	(2394, 'G', '9', 1, 1, 60),
	(2395, 'J', '10', 1, 1, 60),
	(2396, 'K', '12', 1, 1, 60),
	(2397, 'J', '11', 1, 1, 60),
	(2398, 'G', '10', 1, 1, 60),
	(2399, 'L', '10', 1, 1, 60),
	(2400, 'H', '13', 1, 1, 60),
	(2401, 'I', '11', 1, 1, 60),
	(2402, 'K', '13', 1, 1, 60),
	(2403, 'J', '12', 1, 1, 60),
	(2404, 'L', '11', 1, 1, 60),
	(2405, 'G', '11', 1, 1, 60),
	(2406, 'I', '12', 1, 1, 60),
	(2407, 'H', '14', 1, 1, 60),
	(2408, 'K', '14', 1, 1, 60),
	(2409, 'I', '13', 1, 1, 60),
	(2410, 'J', '13', 1, 1, 60),
	(2411, 'L', '12', 1, 1, 60),
	(2412, 'G', '12', 1, 1, 60),
	(2413, 'H', '15', 1, 1, 60),
	(2414, 'K', '15', 1, 1, 60),
	(2415, 'J', '14', 1, 1, 60),
	(2416, 'L', '13', 1, 1, 60),
	(2417, 'G', '13', 1, 1, 60),
	(2418, 'I', '14', 1, 1, 60),
	(2419, 'H', '16', 1, 1, 60),
	(2420, 'K', '16', 1, 1, 60),
	(2421, 'L', '14', 1, 1, 60),
	(2422, 'J', '15', 1, 1, 60),
	(2423, 'K', '17', 1, 1, 60),
	(2424, 'G', '14', 1, 1, 60),
	(2425, 'H', '17', 1, 1, 60),
	(2426, 'I', '15', 1, 1, 60),
	(2427, 'L', '15', 1, 1, 60),
	(2428, 'K', '18', 1, 1, 60),
	(2429, 'I', '16', 1, 1, 60),
	(2430, 'H', '18', 1, 1, 60),
	(2431, 'G', '15', 1, 1, 60),
	(2432, 'I', '17', 1, 1, 60),
	(2433, 'H', '19', 1, 1, 60),
	(2434, 'L', '16', 1, 1, 60),
	(2435, 'J', '16', 1, 1, 60),
	(2436, 'H', '20', 1, 1, 60),
	(2437, 'I', '18', 1, 1, 60),
	(2438, 'G', '16', 1, 1, 60),
	(2439, 'L', '17', 1, 1, 60),
	(2440, 'J', '17', 1, 1, 60),
	(2441, 'K', '19', 1, 1, 60),
	(2442, 'I', '19', 1, 1, 60),
	(2443, 'J', '18', 1, 1, 60),
	(2444, 'L', '18', 1, 1, 60),
	(2445, 'K', '20', 1, 1, 60),
	(2446, 'G', '17', 1, 1, 60),
	(2447, 'I', '20', 1, 1, 60),
	(2448, 'J', '19', 1, 1, 60),
	(2449, 'J', '20', 1, 1, 60),
	(2450, 'L', '19', 1, 1, 60),
	(2451, 'G', '18', 1, 1, 60),
	(2452, 'G', '19', 1, 1, 60),
	(2453, 'L', '20', 1, 1, 60),
	(2454, 'G', '20', 1, 1, 60),
	(2455, 'M', '9', 1, 1, 60),
	(2456, 'M', '10', 1, 1, 60),
	(2457, 'M', '11', 1, 1, 60),
	(2458, 'M', '12', 1, 1, 60),
	(2459, 'M', '13', 1, 1, 60),
	(2460, 'M', '14', 1, 1, 60),
	(2461, 'M', '15', 1, 1, 60),
	(2462, 'M', '16', 1, 1, 60),
	(2463, 'M', '17', 1, 1, 60),
	(2464, 'M', '18', 1, 1, 60),
	(2465, 'M', '19', 1, 1, 60),
	(2466, 'M', '20', 1, 1, 60),
	(2623, 'A', '9', 1, 30, 62),
	(2624, 'D', '9', 1, 30, 62),
	(2625, 'B', '9', 1, 30, 62),
	(2626, 'A', '10', 1, 30, 62),
	(2627, 'E', '9', 1, 30, 62),
	(2628, 'B', '10', 1, 30, 62),
	(2629, 'A', '11', 1, 30, 62),
	(2630, 'D', '10', 1, 30, 62),
	(2631, 'C', '9', 1, 30, 62),
	(2632, 'B', '11', 1, 30, 62),
	(2633, 'A', '12', 1, 30, 62),
	(2634, 'E', '10', 1, 30, 62),
	(2635, 'A', '13', 1, 30, 62),
	(2636, 'C', '10', 1, 30, 62),
	(2637, 'B', '12', 1, 30, 62),
	(2638, 'A', '14', 1, 30, 62),
	(2639, 'E', '11', 1, 30, 62),
	(2640, 'A', '15', 1, 30, 62),
	(2641, 'D', '11', 1, 30, 62),
	(2642, 'C', '11', 1, 30, 62),
	(2643, 'B', '13', 1, 30, 62),
	(2644, 'E', '12', 1, 30, 62),
	(2645, 'A', '16', 1, 30, 62),
	(2646, 'C', '12', 1, 30, 62),
	(2647, 'D', '12', 1, 30, 62),
	(2648, 'E', '13', 1, 30, 62),
	(2649, 'B', '14', 1, 30, 62),
	(2650, 'F', '9', 1, 30, 62),
	(2651, 'A', '17', 1, 30, 62),
	(2652, 'C', '13', 1, 30, 62),
	(2653, 'B', '15', 1, 30, 62),
	(2654, 'E', '14', 1, 30, 62),
	(2655, 'A', '18', 1, 30, 62),
	(2656, 'D', '13', 1, 30, 62),
	(2657, 'F', '10', 1, 30, 62),
	(2658, 'B', '16', 1, 30, 62),
	(2659, 'C', '14', 1, 30, 62),
	(2660, 'D', '14', 1, 30, 62),
	(2661, 'E', '15', 1, 30, 62),
	(2662, 'A', '19', 1, 30, 62),
	(2663, 'F', '11', 1, 30, 62),
	(2664, 'B', '17', 1, 30, 62),
	(2665, 'F', '12', 1, 30, 62),
	(2666, 'D', '15', 1, 30, 62),
	(2667, 'C', '15', 1, 30, 62),
	(2668, 'F', '13', 1, 30, 62),
	(2669, 'E', '16', 1, 30, 62),
	(2670, 'B', '18', 1, 30, 62),
	(2671, 'A', '20', 1, 30, 62),
	(2672, 'E', '17', 1, 30, 62),
	(2673, 'F', '14', 1, 30, 62),
	(2674, 'D', '16', 1, 30, 62),
	(2675, 'C', '16', 1, 30, 62),
	(2676, 'B', '19', 1, 30, 62),
	(2677, 'D', '17', 1, 30, 62),
	(2678, 'F', '15', 1, 30, 62),
	(2679, 'E', '18', 1, 30, 62),
	(2680, 'B', '20', 1, 30, 62),
	(2681, 'C', '17', 1, 30, 62),
	(2682, 'D', '18', 1, 30, 62),
	(2683, 'F', '16', 1, 30, 62),
	(2684, 'E', '19', 1, 30, 62),
	(2685, 'C', '18', 1, 30, 62),
	(2686, 'F', '17', 1, 30, 62),
	(2687, 'C', '19', 1, 30, 62),
	(2688, 'F', '18', 1, 30, 62),
	(2689, 'D', '19', 1, 30, 62),
	(2690, 'F', '19', 1, 30, 62),
	(2691, 'C', '20', 1, 30, 62),
	(2692, 'E', '20', 1, 30, 62),
	(2693, 'D', '20', 1, 30, 62),
	(2694, 'F', '20', 1, 30, 62),
	(2695, 'G', '9', 1, 30, 62),
	(2696, 'G', '10', 1, 30, 62),
	(2697, 'G', '11', 1, 30, 62),
	(2698, 'G', '12', 1, 30, 62),
	(2699, 'K', '9', 1, 30, 62),
	(2700, 'J', '9', 1, 30, 62),
	(2701, 'G', '13', 1, 30, 62),
	(2702, 'H', '9', 1, 30, 62),
	(2703, 'K', '10', 1, 30, 62),
	(2704, 'J', '10', 1, 30, 62),
	(2705, 'G', '14', 1, 30, 62),
	(2706, 'I', '9', 1, 30, 62),
	(2707, 'J', '11', 1, 30, 62),
	(2708, 'H', '10', 1, 30, 62),
	(2709, 'L', '9', 1, 30, 62),
	(2710, 'K', '11', 1, 30, 62),
	(2711, 'G', '15', 1, 30, 62),
	(2712, 'L', '10', 1, 30, 62),
	(2713, 'I', '10', 1, 30, 62),
	(2714, 'H', '11', 1, 30, 62),
	(2715, 'G', '16', 1, 30, 62),
	(2716, 'K', '12', 1, 30, 62),
	(2717, 'J', '12', 1, 30, 62),
	(2718, 'L', '11', 1, 30, 62),
	(2719, 'H', '12', 1, 30, 62),
	(2720, 'I', '11', 1, 30, 62),
	(2721, 'G', '17', 1, 30, 62),
	(2722, 'J', '13', 1, 30, 62),
	(2723, 'K', '13', 1, 30, 62),
	(2724, 'L', '12', 1, 30, 62),
	(2725, 'H', '13', 1, 30, 62),
	(2726, 'G', '18', 1, 30, 62),
	(2727, 'I', '12', 1, 30, 62),
	(2728, 'J', '14', 1, 30, 62),
	(2729, 'K', '14', 1, 30, 62),
	(2730, 'L', '13', 1, 30, 62),
	(2731, 'G', '19', 1, 30, 62),
	(2732, 'H', '14', 1, 30, 62),
	(2733, 'K', '15', 1, 30, 62),
	(2734, 'I', '13', 1, 30, 62),
	(2735, 'J', '15', 1, 30, 62),
	(2736, 'K', '16', 1, 30, 62),
	(2737, 'L', '14', 1, 30, 62),
	(2738, 'I', '14', 1, 30, 62),
	(2739, 'G', '20', 1, 30, 62),
	(2740, 'H', '15', 1, 30, 62),
	(2741, 'J', '16', 1, 30, 62),
	(2742, 'K', '17', 1, 30, 62),
	(2743, 'J', '17', 1, 30, 62),
	(2744, 'I', '15', 1, 30, 62),
	(2745, 'H', '16', 1, 30, 62),
	(2746, 'K', '18', 1, 30, 62),
	(2747, 'L', '15', 1, 30, 62),
	(2748, 'I', '16', 1, 30, 62),
	(2749, 'J', '18', 1, 30, 62),
	(2750, 'K', '19', 1, 30, 62),
	(2751, 'J', '19', 1, 30, 62),
	(2752, 'I', '17', 1, 30, 62),
	(2753, 'L', '16', 1, 30, 62),
	(2754, 'H', '17', 1, 30, 62),
	(2755, 'K', '20', 1, 30, 62),
	(2756, 'J', '20', 1, 30, 62),
	(2757, 'H', '18', 1, 30, 62),
	(2758, 'I', '18', 1, 30, 62),
	(2759, 'I', '19', 1, 30, 62),
	(2760, 'L', '17', 1, 30, 62),
	(2761, 'I', '20', 1, 30, 62),
	(2762, 'H', '19', 1, 30, 62),
	(2763, 'L', '18', 1, 30, 62),
	(2764, 'H', '20', 1, 30, 62),
	(2765, 'L', '19', 1, 30, 62),
	(2766, 'L', '20', 1, 30, 62),
	(2767, 'M', '9', 1, 30, 62),
	(2768, 'M', '10', 1, 30, 62),
	(2769, 'M', '11', 1, 30, 62),
	(2770, 'M', '12', 1, 30, 62),
	(2771, 'M', '13', 1, 30, 62),
	(2772, 'M', '14', 1, 30, 62),
	(2773, 'M', '15', 1, 30, 62),
	(2774, 'M', '16', 1, 30, 62),
	(2775, 'M', '17', 1, 30, 62),
	(2776, 'M', '18', 1, 30, 62),
	(2777, 'M', '19', 1, 30, 62),
	(2778, 'M', '20', 1, 30, 62),
	(2796, 'D', '9', 1, 1, 70),
	(2797, 'E', '9', 1, 1, 70),
	(2798, 'E', '10', 1, 1, 70),
	(2799, 'D', '10', 1, 1, 70),
	(2800, 'F', '9', 1, 1, 70),
	(2801, 'D', '11', 1, 1, 70),
	(2802, 'F', '10', 1, 1, 70),
	(2803, 'D', '12', 1, 1, 70),
	(2804, 'E', '11', 1, 1, 70),
	(2805, 'F', '11', 1, 1, 70),
	(2806, 'E', '12', 1, 1, 70),
	(2807, 'A', '9', 1, 1, 70),
	(2808, 'D', '13', 1, 1, 70),
	(2809, 'F', '12', 1, 1, 70),
	(2810, 'E', '13', 1, 1, 70),
	(2811, 'A', '10', 1, 1, 70),
	(2812, 'D', '14', 1, 1, 70),
	(2813, 'C', '9', 1, 1, 70),
	(2814, 'B', '9', 1, 1, 70),
	(2815, 'E', '14', 1, 1, 70),
	(2816, 'F', '13', 1, 1, 70),
	(2817, 'D', '15', 1, 1, 70),
	(2818, 'C', '10', 1, 1, 70),
	(2819, 'A', '11', 1, 1, 70),
	(2820, 'B', '10', 1, 1, 70),
	(2821, 'E', '15', 1, 1, 70),
	(2822, 'F', '14', 1, 1, 70),
	(2823, 'C', '11', 1, 1, 70),
	(2824, 'D', '16', 1, 1, 70),
	(2825, 'B', '11', 1, 1, 70),
	(2826, 'A', '12', 1, 1, 70),
	(2827, 'E', '16', 1, 1, 70),
	(2828, 'F', '15', 1, 1, 70),
	(2829, 'C', '12', 1, 1, 70),
	(2830, 'D', '17', 1, 1, 70),
	(2831, 'A', '13', 1, 1, 70),
	(2832, 'B', '12', 1, 1, 70),
	(2833, 'E', '17', 1, 1, 70),
	(2834, 'C', '13', 1, 1, 70),
	(2835, 'F', '16', 1, 1, 70),
	(2836, 'A', '14', 1, 1, 70),
	(2837, 'E', '18', 1, 1, 70),
	(2838, 'D', '18', 1, 1, 70),
	(2839, 'B', '13', 1, 1, 70),
	(2840, 'C', '14', 1, 1, 70),
	(2841, 'F', '17', 1, 1, 70),
	(2842, 'A', '15', 1, 1, 70),
	(2843, 'E', '19', 1, 1, 70),
	(2844, 'D', '19', 1, 1, 70),
	(2845, 'B', '14', 1, 1, 70),
	(2846, 'C', '15', 1, 1, 70),
	(2847, 'A', '16', 1, 1, 70),
	(2848, 'F', '18', 1, 1, 70),
	(2849, 'E', '20', 1, 1, 70),
	(2850, 'C', '16', 1, 1, 70),
	(2851, 'D', '20', 1, 1, 70),
	(2852, 'A', '17', 1, 1, 70),
	(2853, 'B', '15', 1, 1, 70),
	(2854, 'C', '17', 1, 1, 70),
	(2855, 'F', '19', 1, 1, 70),
	(2856, 'A', '18', 1, 1, 70),
	(2857, 'C', '18', 1, 1, 70),
	(2858, 'B', '16', 1, 1, 70),
	(2859, 'F', '20', 1, 1, 70),
	(2860, 'A', '19', 1, 1, 70),
	(2861, 'C', '19', 1, 1, 70),
	(2862, 'B', '17', 1, 1, 70),
	(2863, 'A', '20', 1, 1, 70),
	(2864, 'C', '20', 1, 1, 70),
	(2865, 'B', '18', 1, 1, 70),
	(2866, 'B', '19', 1, 1, 70),
	(2867, 'B', '20', 1, 1, 70),
	(2868, 'G', '9', 1, 1, 70),
	(2869, 'H', '9', 1, 1, 70),
	(2870, 'H', '10', 1, 1, 70),
	(2871, 'I', '9', 1, 1, 70),
	(2872, 'G', '10', 1, 1, 70),
	(2873, 'H', '11', 1, 1, 70),
	(2874, 'G', '11', 1, 1, 70),
	(2875, 'I', '10', 1, 1, 70),
	(2876, 'H', '12', 1, 1, 70),
	(2877, 'G', '12', 1, 1, 70),
	(2878, 'I', '11', 1, 1, 70),
	(2879, 'H', '13', 1, 1, 70),
	(2880, 'G', '13', 1, 1, 70),
	(2881, 'I', '12', 1, 1, 70),
	(2882, 'H', '14', 1, 1, 70),
	(2883, 'G', '14', 1, 1, 70),
	(2884, 'H', '15', 1, 1, 70),
	(2885, 'I', '13', 1, 1, 70),
	(2886, 'J', '9', 1, 1, 70),
	(2887, 'G', '15', 1, 1, 70),
	(2888, 'H', '16', 1, 1, 70),
	(2889, 'I', '14', 1, 1, 70),
	(2890, 'J', '10', 1, 1, 70),
	(2891, 'G', '16', 1, 1, 70),
	(2892, 'K', '9', 1, 1, 70),
	(2893, 'H', '17', 1, 1, 70),
	(2894, 'H', '18', 1, 1, 70),
	(2895, 'G', '17', 1, 1, 70),
	(2896, 'I', '15', 1, 1, 70),
	(2897, 'K', '10', 1, 1, 70),
	(2898, 'J', '11', 1, 1, 70),
	(2899, 'H', '19', 1, 1, 70),
	(2900, 'I', '16', 1, 1, 70),
	(2901, 'J', '12', 1, 1, 70),
	(2902, 'G', '18', 1, 1, 70),
	(2903, 'K', '11', 1, 1, 70),
	(2904, 'H', '20', 1, 1, 70),
	(2905, 'K', '12', 1, 1, 70),
	(2906, 'J', '13', 1, 1, 70),
	(2907, 'G', '19', 1, 1, 70),
	(2908, 'I', '17', 1, 1, 70),
	(2909, 'K', '13', 1, 1, 70),
	(2910, 'J', '14', 1, 1, 70),
	(2911, 'G', '20', 1, 1, 70),
	(2912, 'I', '18', 1, 1, 70),
	(2913, 'K', '14', 1, 1, 70),
	(2914, 'I', '19', 1, 1, 70),
	(2915, 'J', '15', 1, 1, 70),
	(2916, 'K', '15', 1, 1, 70),
	(2917, 'L', '9', 1, 1, 70),
	(2918, 'J', '16', 1, 1, 70),
	(2919, 'K', '16', 1, 1, 70),
	(2920, 'I', '20', 1, 1, 70),
	(2921, 'L', '10', 1, 1, 70),
	(2922, 'J', '17', 1, 1, 70),
	(2923, 'K', '17', 1, 1, 70),
	(2924, 'L', '11', 1, 1, 70),
	(2925, 'J', '18', 1, 1, 70),
	(2926, 'K', '18', 1, 1, 70),
	(2927, 'L', '12', 1, 1, 70),
	(2928, 'J', '19', 1, 1, 70),
	(2929, 'K', '19', 1, 1, 70),
	(2930, 'J', '20', 1, 1, 70),
	(2931, 'L', '13', 1, 1, 70),
	(2932, 'K', '20', 1, 1, 70),
	(2933, 'L', '14', 1, 1, 70),
	(2934, 'L', '15', 1, 1, 70),
	(2935, 'L', '16', 1, 1, 70),
	(2936, 'L', '17', 1, 1, 70),
	(2937, 'L', '18', 1, 1, 70),
	(2938, 'L', '19', 1, 1, 70),
	(2939, 'L', '20', 1, 1, 70),
	(2940, 'M', '9', 1, 1, 70),
	(2941, 'M', '10', 1, 1, 70),
	(2942, 'M', '11', 1, 1, 70),
	(2943, 'M', '12', 1, 1, 70),
	(2944, 'M', '13', 1, 1, 70),
	(2945, 'M', '14', 1, 1, 70),
	(2946, 'M', '15', 1, 1, 70),
	(2947, 'M', '16', 1, 1, 70),
	(2948, 'M', '17', 1, 1, 70),
	(2949, 'M', '18', 1, 1, 70),
	(2950, 'M', '19', 1, 1, 70),
	(2951, 'M', '20', 1, 1, 70),
	(2952, 'C', '9', 1, 1, 71),
	(2953, 'B', '9', 1, 1, 71),
	(2954, 'D', '9', 1, 1, 71),
	(2955, 'C', '10', 1, 1, 71),
	(2956, 'E', '9', 1, 1, 71),
	(2957, 'D', '10', 1, 1, 71),
	(2958, 'B', '10', 1, 1, 71),
	(2959, 'C', '11', 1, 1, 71),
	(2960, 'F', '9', 1, 1, 71),
	(2961, 'B', '11', 1, 1, 71),
	(2962, 'C', '12', 1, 1, 71),
	(2963, 'E', '10', 1, 1, 71),
	(2964, 'D', '11', 1, 1, 71),
	(2965, 'F', '10', 1, 1, 71),
	(2966, 'D', '12', 1, 1, 71),
	(2967, 'C', '13', 1, 1, 71),
	(2968, 'B', '12', 1, 1, 71),
	(2969, 'F', '11', 1, 1, 71),
	(2970, 'E', '11', 1, 1, 71),
	(2971, 'D', '13', 1, 1, 71),
	(2972, 'C', '14', 1, 1, 71),
	(2973, 'E', '12', 1, 1, 71),
	(2974, 'F', '12', 1, 1, 71),
	(2975, 'B', '13', 1, 1, 71),
	(2976, 'D', '14', 1, 1, 71),
	(2977, 'F', '13', 1, 1, 71),
	(2978, 'E', '13', 1, 1, 71),
	(2979, 'B', '14', 1, 1, 71),
	(2980, 'C', '15', 1, 1, 71),
	(2981, 'A', '9', 1, 1, 71),
	(2982, 'D', '15', 1, 1, 71),
	(2983, 'B', '15', 1, 1, 71),
	(2984, 'E', '14', 1, 1, 71),
	(2985, 'F', '14', 1, 1, 71),
	(2986, 'D', '16', 1, 1, 71),
	(2987, 'C', '16', 1, 1, 71),
	(2988, 'A', '10', 1, 1, 71),
	(2989, 'F', '15', 1, 1, 71),
	(2990, 'B', '16', 1, 1, 71),
	(2991, 'C', '17', 1, 1, 71),
	(2992, 'A', '11', 1, 1, 71),
	(2993, 'E', '15', 1, 1, 71),
	(2994, 'D', '17', 1, 1, 71),
	(2995, 'F', '16', 1, 1, 71),
	(2996, 'E', '16', 1, 1, 71),
	(2997, 'C', '18', 1, 1, 71),
	(2998, 'B', '17', 1, 1, 71),
	(2999, 'D', '18', 1, 1, 71),
	(3000, 'A', '12', 1, 1, 71),
	(3001, 'C', '19', 1, 1, 71),
	(3002, 'D', '19', 1, 1, 71),
	(3003, 'E', '17', 1, 1, 71),
	(3004, 'B', '18', 1, 1, 71),
	(3005, 'A', '13', 1, 1, 71),
	(3006, 'F', '17', 1, 1, 71),
	(3007, 'D', '20', 1, 1, 71),
	(3008, 'E', '18', 1, 1, 71),
	(3009, 'B', '19', 1, 1, 71),
	(3010, 'F', '18', 1, 1, 71),
	(3011, 'C', '20', 1, 1, 71),
	(3012, 'A', '14', 1, 1, 71),
	(3013, 'B', '20', 1, 1, 71),
	(3014, 'E', '19', 1, 1, 71),
	(3015, 'F', '19', 1, 1, 71),
	(3016, 'A', '15', 1, 1, 71),
	(3017, 'E', '20', 1, 1, 71),
	(3018, 'A', '16', 1, 1, 71),
	(3019, 'F', '20', 1, 1, 71),
	(3020, 'A', '17', 1, 1, 71),
	(3021, 'A', '18', 1, 1, 71),
	(3022, 'H', '9', 1, 1, 71),
	(3023, 'A', '19', 1, 1, 71),
	(3024, 'H', '10', 1, 1, 71),
	(3025, 'A', '20', 1, 1, 71),
	(3026, 'G', '9', 1, 1, 71),
	(3027, 'H', '11', 1, 1, 71),
	(3028, 'G', '10', 1, 1, 71),
	(3029, 'H', '12', 1, 1, 71),
	(3030, 'I', '9', 1, 1, 71),
	(3031, 'G', '11', 1, 1, 71),
	(3032, 'I', '10', 1, 1, 71),
	(3033, 'H', '13', 1, 1, 71),
	(3034, 'G', '12', 1, 1, 71),
	(3035, 'I', '11', 1, 1, 71),
	(3036, 'H', '14', 1, 1, 71),
	(3037, 'J', '9', 1, 1, 71),
	(3038, 'G', '13', 1, 1, 71),
	(3039, 'I', '12', 1, 1, 71),
	(3040, 'H', '15', 1, 1, 71),
	(3041, 'K', '9', 1, 1, 71),
	(3042, 'G', '14', 1, 1, 71),
	(3043, 'J', '10', 1, 1, 71),
	(3044, 'I', '13', 1, 1, 71),
	(3045, 'H', '16', 1, 1, 71),
	(3046, 'K', '10', 1, 1, 71),
	(3047, 'J', '11', 1, 1, 71),
	(3048, 'G', '15', 1, 1, 71),
	(3049, 'I', '14', 1, 1, 71),
	(3050, 'K', '11', 1, 1, 71),
	(3051, 'H', '17', 1, 1, 71),
	(3052, 'G', '16', 1, 1, 71),
	(3053, 'J', '12', 1, 1, 71),
	(3054, 'I', '15', 1, 1, 71),
	(3055, 'H', '18', 1, 1, 71),
	(3056, 'J', '13', 1, 1, 71),
	(3057, 'K', '12', 1, 1, 71),
	(3058, 'G', '17', 1, 1, 71),
	(3059, 'I', '16', 1, 1, 71),
	(3060, 'J', '14', 1, 1, 71),
	(3061, 'H', '19', 1, 1, 71),
	(3062, 'K', '13', 1, 1, 71),
	(3063, 'G', '18', 1, 1, 71),
	(3064, 'I', '17', 1, 1, 71),
	(3065, 'H', '20', 1, 1, 71),
	(3066, 'J', '15', 1, 1, 71),
	(3067, 'K', '14', 1, 1, 71),
	(3068, 'G', '19', 1, 1, 71),
	(3069, 'J', '16', 1, 1, 71),
	(3070, 'K', '15', 1, 1, 71),
	(3071, 'G', '20', 1, 1, 71),
	(3072, 'I', '18', 1, 1, 71),
	(3073, 'K', '16', 1, 1, 71),
	(3074, 'J', '17', 1, 1, 71),
	(3075, 'I', '19', 1, 1, 71),
	(3076, 'K', '17', 1, 1, 71),
	(3077, 'I', '20', 1, 1, 71),
	(3078, 'J', '18', 1, 1, 71),
	(3079, 'K', '18', 1, 1, 71),
	(3080, 'J', '19', 1, 1, 71),
	(3081, 'L', '9', 1, 1, 71),
	(3082, 'K', '19', 1, 1, 71),
	(3083, 'J', '20', 1, 1, 71),
	(3084, 'L', '10', 1, 1, 71),
	(3085, 'K', '20', 1, 1, 71),
	(3086, 'L', '11', 1, 1, 71),
	(3087, 'L', '12', 1, 1, 71),
	(3088, 'L', '13', 1, 1, 71),
	(3089, 'L', '14', 1, 1, 71),
	(3090, 'L', '15', 1, 1, 71),
	(3091, 'L', '16', 1, 1, 71),
	(3092, 'L', '17', 1, 1, 71),
	(3093, 'L', '18', 1, 1, 71),
	(3094, 'L', '19', 1, 1, 71),
	(3095, 'L', '20', 1, 1, 71),
	(3096, 'M', '9', 1, 1, 71),
	(3097, 'M', '10', 1, 1, 71),
	(3098, 'M', '11', 1, 1, 71),
	(3099, 'M', '12', 1, 1, 71),
	(3100, 'M', '13', 1, 1, 71),
	(3101, 'M', '14', 1, 1, 71),
	(3102, 'M', '15', 1, 1, 71),
	(3103, 'M', '16', 1, 1, 71),
	(3104, 'M', '17', 1, 1, 71),
	(3105, 'M', '18', 1, 1, 71),
	(3106, 'M', '19', 1, 1, 71),
	(3107, 'M', '20', 1, 1, 71),
	(3108, 'C', '9', 1, 1, 72),
	(3109, 'A', '9', 1, 1, 72),
	(3110, 'F', '9', 1, 1, 72),
	(3111, 'A', '10', 1, 1, 72),
	(3112, 'C', '10', 1, 1, 72),
	(3113, 'B', '9', 1, 1, 72),
	(3114, 'F', '10', 1, 1, 72),
	(3115, 'C', '11', 1, 1, 72),
	(3116, 'A', '11', 1, 1, 72),
	(3117, 'B', '10', 1, 1, 72),
	(3118, 'E', '9', 1, 1, 72),
	(3119, 'D', '9', 1, 1, 72),
	(3120, 'C', '12', 1, 1, 72),
	(3121, 'A', '12', 1, 1, 72),
	(3122, 'F', '11', 1, 1, 72),
	(3123, 'B', '11', 1, 1, 72),
	(3124, 'E', '10', 1, 1, 72),
	(3125, 'C', '13', 1, 1, 72),
	(3126, 'A', '13', 1, 1, 72),
	(3127, 'D', '10', 1, 1, 72),
	(3128, 'F', '12', 1, 1, 72),
	(3129, 'B', '12', 1, 1, 72),
	(3130, 'E', '11', 1, 1, 72),
	(3131, 'A', '14', 1, 1, 72),
	(3132, 'C', '14', 1, 1, 72),
	(3133, 'D', '11', 1, 1, 72),
	(3134, 'F', '13', 1, 1, 72),
	(3135, 'A', '15', 1, 1, 72),
	(3136, 'B', '13', 1, 1, 72),
	(3137, 'E', '12', 1, 1, 72),
	(3138, 'D', '12', 1, 1, 72),
	(3139, 'A', '16', 1, 1, 72),
	(3140, 'F', '14', 1, 1, 72),
	(3141, 'C', '15', 1, 1, 72),
	(3142, 'E', '13', 1, 1, 72),
	(3143, 'B', '14', 1, 1, 72),
	(3144, 'D', '13', 1, 1, 72),
	(3145, 'F', '15', 1, 1, 72),
	(3146, 'C', '16', 1, 1, 72),
	(3147, 'D', '14', 1, 1, 72),
	(3148, 'E', '14', 1, 1, 72),
	(3149, 'B', '15', 1, 1, 72),
	(3150, 'A', '17', 1, 1, 72),
	(3151, 'C', '17', 1, 1, 72),
	(3152, 'F', '16', 1, 1, 72),
	(3153, 'D', '15', 1, 1, 72),
	(3154, 'E', '15', 1, 1, 72),
	(3155, 'B', '16', 1, 1, 72),
	(3156, 'A', '18', 1, 1, 72),
	(3157, 'D', '16', 1, 1, 72),
	(3158, 'C', '18', 1, 1, 72),
	(3159, 'F', '17', 1, 1, 72),
	(3160, 'E', '16', 1, 1, 72),
	(3161, 'B', '17', 1, 1, 72),
	(3162, 'F', '18', 1, 1, 72),
	(3163, 'D', '17', 1, 1, 72),
	(3164, 'A', '19', 1, 1, 72),
	(3165, 'C', '19', 1, 1, 72),
	(3166, 'B', '18', 1, 1, 72),
	(3167, 'E', '17', 1, 1, 72),
	(3168, 'C', '20', 1, 1, 72),
	(3169, 'A', '20', 1, 1, 72),
	(3170, 'D', '18', 1, 1, 72),
	(3171, 'F', '19', 1, 1, 72),
	(3172, 'B', '19', 1, 1, 72),
	(3173, 'D', '19', 1, 1, 72),
	(3174, 'F', '20', 1, 1, 72),
	(3175, 'E', '18', 1, 1, 72),
	(3176, 'B', '20', 1, 1, 72),
	(3177, 'D', '20', 1, 1, 72),
	(3178, 'E', '19', 1, 1, 72),
	(3179, 'E', '20', 1, 1, 72),
	(3180, 'J', '9', 1, 1, 72),
	(3181, 'I', '9', 1, 1, 72),
	(3182, 'K', '9', 1, 1, 72),
	(3183, 'J', '10', 1, 1, 72),
	(3184, 'G', '9', 1, 1, 72),
	(3185, 'I', '10', 1, 1, 72),
	(3186, 'J', '11', 1, 1, 72),
	(3187, 'K', '10', 1, 1, 72),
	(3188, 'H', '9', 1, 1, 72),
	(3189, 'G', '10', 1, 1, 72),
	(3190, 'J', '12', 1, 1, 72),
	(3191, 'H', '10', 1, 1, 72),
	(3192, 'I', '11', 1, 1, 72),
	(3193, 'K', '11', 1, 1, 72),
	(3194, 'G', '11', 1, 1, 72),
	(3195, 'J', '13', 1, 1, 72),
	(3196, 'H', '11', 1, 1, 72),
	(3197, 'I', '12', 1, 1, 72),
	(3198, 'G', '12', 1, 1, 72),
	(3199, 'K', '12', 1, 1, 72),
	(3200, 'J', '14', 1, 1, 72),
	(3201, 'H', '12', 1, 1, 72),
	(3202, 'I', '13', 1, 1, 72),
	(3203, 'K', '13', 1, 1, 72),
	(3204, 'G', '13', 1, 1, 72),
	(3205, 'J', '15', 1, 1, 72),
	(3206, 'K', '14', 1, 1, 72),
	(3207, 'H', '13', 1, 1, 72),
	(3208, 'J', '16', 1, 1, 72),
	(3209, 'G', '14', 1, 1, 72),
	(3210, 'I', '14', 1, 1, 72),
	(3211, 'H', '14', 1, 1, 72),
	(3212, 'G', '15', 1, 1, 72),
	(3213, 'I', '15', 1, 1, 72),
	(3214, 'K', '15', 1, 1, 72),
	(3215, 'J', '17', 1, 1, 72),
	(3216, 'H', '15', 1, 1, 72),
	(3217, 'G', '16', 1, 1, 72),
	(3218, 'I', '16', 1, 1, 72),
	(3219, 'L', '9', 1, 1, 72),
	(3220, 'K', '16', 1, 1, 72),
	(3221, 'J', '18', 1, 1, 72),
	(3222, 'H', '16', 1, 1, 72),
	(3223, 'G', '17', 1, 1, 72),
	(3224, 'L', '10', 1, 1, 72),
	(3225, 'K', '17', 1, 1, 72),
	(3226, 'I', '17', 1, 1, 72),
	(3227, 'J', '19', 1, 1, 72),
	(3228, 'G', '18', 1, 1, 72),
	(3229, 'H', '17', 1, 1, 72),
	(3230, 'L', '11', 1, 1, 72),
	(3231, 'K', '18', 1, 1, 72),
	(3232, 'I', '18', 1, 1, 72),
	(3233, 'J', '20', 1, 1, 72),
	(3234, 'H', '18', 1, 1, 72),
	(3235, 'G', '19', 1, 1, 72),
	(3236, 'I', '19', 1, 1, 72),
	(3237, 'K', '19', 1, 1, 72),
	(3238, 'L', '12', 1, 1, 72),
	(3239, 'I', '20', 1, 1, 72),
	(3240, 'H', '19', 1, 1, 72),
	(3241, 'G', '20', 1, 1, 72),
	(3242, 'L', '13', 1, 1, 72),
	(3243, 'K', '20', 1, 1, 72),
	(3244, 'L', '14', 1, 1, 72),
	(3245, 'H', '20', 1, 1, 72),
	(3246, 'L', '15', 1, 1, 72),
	(3247, 'L', '16', 1, 1, 72),
	(3248, 'L', '17', 1, 1, 72),
	(3249, 'L', '18', 1, 1, 72),
	(3250, 'L', '19', 1, 1, 72),
	(3251, 'L', '20', 1, 1, 72),
	(3252, 'M', '9', 1, 1, 72),
	(3253, 'M', '10', 1, 1, 72),
	(3254, 'M', '11', 1, 1, 72),
	(3255, 'M', '12', 1, 1, 72),
	(3256, 'M', '13', 1, 1, 72),
	(3257, 'M', '14', 1, 1, 72),
	(3258, 'M', '15', 1, 1, 72),
	(3259, 'M', '16', 1, 1, 72),
	(3260, 'M', '17', 1, 1, 72),
	(3261, 'M', '18', 1, 1, 72),
	(3262, 'M', '19', 1, 1, 72),
	(3263, 'M', '20', 1, 1, 72),
	(3270, 'A', '8', 1, 1, 44),
	(3271, 'A', '9', 1, 1, 74),
	(3272, 'F', '9', 1, 1, 74),
	(3273, 'C', '9', 1, 1, 74),
	(3274, 'B', '9', 1, 1, 74),
	(3275, 'D', '9', 1, 1, 74),
	(3276, 'E', '9', 1, 1, 74),
	(3277, 'F', '10', 1, 1, 74),
	(3278, 'C', '10', 1, 1, 74),
	(3279, 'A', '10', 1, 1, 74),
	(3280, 'E', '10', 1, 1, 74),
	(3281, 'F', '11', 1, 1, 74),
	(3282, 'D', '10', 1, 1, 74),
	(3283, 'B', '10', 1, 1, 74),
	(3284, 'C', '11', 1, 1, 74),
	(3285, 'A', '11', 1, 1, 74),
	(3286, 'F', '12', 1, 1, 74),
	(3287, 'E', '11', 1, 1, 74),
	(3288, 'C', '12', 1, 1, 74),
	(3289, 'B', '11', 1, 1, 74),
	(3290, 'D', '11', 1, 1, 74),
	(3291, 'F', '13', 1, 1, 74),
	(3292, 'D', '12', 1, 1, 74),
	(3293, 'C', '13', 1, 1, 74),
	(3294, 'A', '12', 1, 1, 74),
	(3295, 'E', '12', 1, 1, 74),
	(3296, 'B', '12', 1, 1, 74),
	(3297, 'F', '14', 1, 1, 74),
	(3298, 'C', '14', 1, 1, 74),
	(3299, 'E', '13', 1, 1, 74),
	(3300, 'A', '13', 1, 1, 74),
	(3301, 'D', '13', 1, 1, 74),
	(3302, 'B', '13', 1, 1, 74),
	(3303, 'F', '15', 1, 1, 74),
	(3304, 'D', '14', 1, 1, 74),
	(3305, 'A', '14', 1, 1, 74),
	(3306, 'E', '14', 1, 1, 74),
	(3307, 'C', '15', 1, 1, 74),
	(3308, 'F', '16', 1, 1, 74),
	(3309, 'B', '14', 1, 1, 74),
	(3310, 'D', '15', 1, 1, 74),
	(3311, 'F', '17', 1, 1, 74),
	(3312, 'C', '16', 1, 1, 74),
	(3313, 'A', '15', 1, 1, 74),
	(3314, 'E', '15', 1, 1, 74),
	(3315, 'B', '15', 1, 1, 74),
	(3316, 'D', '16', 1, 1, 74),
	(3317, 'F', '18', 1, 1, 74),
	(3318, 'B', '16', 1, 1, 74),
	(3319, 'A', '16', 1, 1, 74),
	(3320, 'C', '17', 1, 1, 74),
	(3321, 'E', '16', 1, 1, 74),
	(3322, 'D', '17', 1, 1, 74),
	(3323, 'A', '17', 1, 1, 74),
	(3324, 'D', '18', 1, 1, 74),
	(3325, 'C', '18', 1, 1, 74),
	(3326, 'F', '19', 1, 1, 74),
	(3327, 'E', '17', 1, 1, 74),
	(3328, 'B', '17', 1, 1, 74),
	(3329, 'A', '18', 1, 1, 74),
	(3330, 'F', '20', 1, 1, 74),
	(3331, 'C', '19', 1, 1, 74),
	(3332, 'D', '19', 1, 1, 74),
	(3333, 'B', '18', 1, 1, 74),
	(3334, 'E', '18', 1, 1, 74),
	(3335, 'D', '20', 1, 1, 74),
	(3336, 'C', '20', 1, 1, 74),
	(3337, 'A', '19', 1, 1, 74),
	(3338, 'E', '19', 1, 1, 74),
	(3339, 'B', '19', 1, 1, 74),
	(3340, 'E', '20', 1, 1, 74),
	(3341, 'A', '20', 1, 1, 74),
	(3342, 'B', '20', 1, 1, 74),
	(3343, 'I', '9', 1, 1, 74),
	(3344, 'G', '9', 1, 1, 74),
	(3345, 'J', '9', 1, 1, 74),
	(3346, 'I', '10', 1, 1, 74),
	(3347, 'K', '9', 1, 1, 74),
	(3348, 'J', '10', 1, 1, 74),
	(3349, 'G', '10', 1, 1, 74),
	(3350, 'I', '11', 1, 1, 74),
	(3351, 'L', '9', 1, 1, 74),
	(3352, 'K', '10', 1, 1, 74),
	(3353, 'J', '11', 1, 1, 74),
	(3354, 'H', '9', 1, 1, 74),
	(3355, 'G', '11', 1, 1, 74),
	(3356, 'I', '12', 1, 1, 74),
	(3357, 'K', '11', 1, 1, 74),
	(3358, 'L', '10', 1, 1, 74),
	(3359, 'G', '12', 1, 1, 74),
	(3360, 'J', '12', 1, 1, 74),
	(3361, 'I', '13', 1, 1, 74),
	(3362, 'H', '10', 1, 1, 74),
	(3363, 'K', '12', 1, 1, 74),
	(3364, 'H', '11', 1, 1, 74),
	(3365, 'K', '13', 1, 1, 74),
	(3366, 'L', '11', 1, 1, 74),
	(3367, 'I', '14', 1, 1, 74),
	(3368, 'G', '13', 1, 1, 74),
	(3369, 'J', '13', 1, 1, 74),
	(3370, 'H', '12', 1, 1, 74),
	(3371, 'G', '14', 1, 1, 74),
	(3372, 'J', '14', 1, 1, 74),
	(3373, 'L', '12', 1, 1, 74),
	(3374, 'I', '15', 1, 1, 74),
	(3375, 'K', '14', 1, 1, 74),
	(3376, 'G', '15', 1, 1, 74),
	(3377, 'L', '13', 1, 1, 74),
	(3378, 'I', '16', 1, 1, 74),
	(3379, 'H', '13', 1, 1, 74),
	(3380, 'I', '17', 1, 1, 74),
	(3381, 'L', '14', 1, 1, 74),
	(3382, 'G', '16', 1, 1, 74),
	(3383, 'K', '15', 1, 1, 74),
	(3384, 'J', '15', 1, 1, 74),
	(3385, 'I', '18', 1, 1, 74),
	(3386, 'K', '16', 1, 1, 74),
	(3387, 'L', '15', 1, 1, 74),
	(3388, 'H', '14', 1, 1, 74),
	(3389, 'G', '17', 1, 1, 74),
	(3390, 'J', '16', 1, 1, 74),
	(3391, 'K', '17', 1, 1, 74),
	(3392, 'L', '16', 1, 1, 74),
	(3393, 'I', '19', 1, 1, 74),
	(3394, 'H', '15', 1, 1, 74),
	(3395, 'L', '17', 1, 1, 74),
	(3396, 'H', '16', 1, 1, 74),
	(3397, 'J', '17', 1, 1, 74),
	(3398, 'I', '20', 1, 1, 74),
	(3399, 'H', '17', 1, 1, 74),
	(3400, 'G', '18', 1, 1, 74),
	(3401, 'L', '18', 1, 1, 74),
	(3402, 'K', '18', 1, 1, 74),
	(3403, 'J', '18', 1, 1, 74),
	(3404, 'H', '18', 1, 1, 74),
	(3405, 'J', '19', 1, 1, 74),
	(3406, 'L', '19', 1, 1, 74),
	(3407, 'G', '19', 1, 1, 74),
	(3408, 'K', '19', 1, 1, 74),
	(3409, 'H', '19', 1, 1, 74),
	(3410, 'J', '20', 1, 1, 74),
	(3411, 'L', '20', 1, 1, 74),
	(3412, 'G', '20', 1, 1, 74),
	(3413, 'K', '20', 1, 1, 74),
	(3414, 'H', '20', 1, 1, 74),
	(3415, 'M', '9', 1, 1, 74),
	(3416, 'M', '10', 1, 1, 74),
	(3417, 'M', '11', 1, 1, 74),
	(3418, 'M', '12', 1, 1, 74),
	(3419, 'M', '13', 1, 1, 74),
	(3420, 'M', '14', 1, 1, 74),
	(3421, 'M', '15', 1, 1, 74),
	(3422, 'M', '16', 1, 1, 74),
	(3423, 'M', '17', 1, 1, 74),
	(3424, 'M', '18', 1, 1, 74),
	(3425, 'M', '19', 1, 1, 74),
	(3426, 'M', '20', 1, 1, 74),
	(3427, 'A', '2', 1, 1, 74),
	(3428, 'A', '3', 1, 1, 74),
	(3429, 'A', '4', 1, 1, 74),
	(3430, 'A', '5', 1, 1, 74),
	(3431, 'A', '6', 1, 1, 74),
	(3432, 'A', '7', 1, 1, 74),
	(3434, 'A', '14', 1, 1, 44);

-- 傾印  資料表 movie_theater.session 結構
CREATE TABLE IF NOT EXISTS `session` (
  `id` int(11) NOT NULL AUTO_INCREMENT,
  `start_time` time NOT NULL,
  `end_time` time DEFAULT NULL,
  `movie_id` int(11) DEFAULT NULL,
  `session_date` date DEFAULT NULL,
  PRIMARY KEY (`id`),
  KEY `FK__movie` (`movie_id`),
  CONSTRAINT `FK__movie` FOREIGN KEY (`movie_id`) REFERENCES `movie` (`id`) ON DELETE CASCADE ON UPDATE CASCADE
) ENGINE=InnoDB AUTO_INCREMENT=75 DEFAULT CHARSET=utf8mb4 COLLATE=utf8mb4_general_ci;

-- 正在傾印表格  movie_theater.session 的資料：~10 rows (近似值)
INSERT INTO `session` (`id`, `start_time`, `end_time`, `movie_id`, `session_date`) VALUES
	(31, '00:10:00', '02:30:00', 2, '2023-09-30'),
	(44, '16:00:00', '18:30:00', 1, '2023-10-03'),
	(46, '02:00:00', '04:00:00', 30, '2023-09-30'),
	(47, '16:01:00', '18:01:00', 34, '2023-09-29'),
	(48, '19:10:00', '21:10:00', 34, '2023-10-01'),
	(60, '18:40:00', '19:40:00', 1, '2023-09-27'),
	(62, '12:00:00', '14:00:00', 30, '2023-10-01'),
	(70, '13:44:00', '14:44:00', 1, '2023-10-01'),
	(71, '02:45:00', '04:45:00', 1, '2023-10-01'),
	(72, '19:30:00', '21:30:00', 1, '2023-10-03'),
	(74, '16:16:00', '18:31:00', 1, '2023-10-05');

-- 傾印  資料表 movie_theater.user 結構
CREATE TABLE IF NOT EXISTS `user` (
  `id` int(11) NOT NULL AUTO_INCREMENT,
  `name` text NOT NULL,
  `locked` tinyint(4) NOT NULL DEFAULT 0,
  `username` varchar(255) NOT NULL,
  `password` varchar(255) NOT NULL,
  `phone_number` varchar(50) NOT NULL DEFAULT '0912345667',
  PRIMARY KEY (`id`) USING BTREE
) ENGINE=InnoDB AUTO_INCREMENT=78 DEFAULT CHARSET=utf8mb4 COLLATE=utf8mb4_general_ci;

-- 正在傾印表格  movie_theater.user 的資料：~22 rows (近似值)
INSERT INTO `user` (`id`, `name`, `locked`, `username`, `password`, `phone_number`) VALUES
	(47, 'allen1', 0, 'allen@gmail.com', '$2a$10$YajIltev2OoO9scIeZs4MuyWkbF9cutipErIKkurdb1um1KMBJG5a', '0912345668'),
	(48, 'mary', 1, 'mary@gmail.com', '$2a$10$JpBFNfBM1Zb85sWA5ZFHmuB65AtR2NYKVo2DBJ9zCV.fx13dwjWl.', '0912345667'),
	(49, '林小真', 0, 'selina@gmail.com', '$2a$10$hddxMTcjy0mFVzlks6iaY.kzK1SGsfAQOH4Rzmo8vL587Qto5jr22', '0927520668'),
	(50, 'lisa', 0, 'lisa0000', '$2a$10$u6q.MQP6II8rUCoc3RU1.OJuKqnmL4yGTyNPNPt912IA9ZVM0baHi', '0912345667'),
	(51, 'lion', 0, 'lion@gmail.com', '$2a$10$fCqSLiHAvpLXz.UVGVU0XucPeqp28wlAC1cybZmuLq8garbmbpmnq', '0912345667'),
	(52, 'tony', 0, 'tony@gmail.com', '$2a$10$uRC6YkYwxGR5hRy89V/Pgev86WEVAbMDTQjrfNTn7wYvhg.YBS1gK', '0912345667'),
	(53, 'julia', 0, 'julia@gmail.com', '$2a$10$bUIj30IF0sUljCvsm8AjseONjfKQMG98u.4a3DaqFH3N5uHSoqtKW', '0912345667'),
	(54, 'min', 0, 'min@gmail.com', '$2a$10$KgkS2oPcM.t8JxvQYwFuhuqnWLV1/NW8jSdAB.Fb0hqVnEUGdst26', '0912345678'),
	(55, 'chen', 0, 'chen@gmail.com', '$2a$10$fnRfOM0D7tM76sMZ247DmO3GHBeFxpsfqShamOj5PZOT30FX73OKe', '0912345678'),
	(56, 'amy', 0, 'amy@gmail.com', '$2a$10$a9yni238d6EUjGMvZiavEO7KXSTmnkWQdsx.4laq25j4OuR8zj.bS', '0912345678'),
	(57, 'liu', 0, 'liu@gmail.com', '$2a$10$sFLZw0o6p62xXdBToSmHI.FlUoLLEUNIMP19VFdDfpb/wHVdotnZ2', '0922222222'),
	(58, 'shih', 0, 'shih@gmail.com', '$2a$10$GoL6PqdSlZbcftcNB6bGe.t9dZAztGMoYkcRoHYOIXkHSOI0SvvHG', '0922222222'),
	(59, 'mindy', 0, 'mindy@gmail.com', '$2a$10$Gkw9Fjbk6L8z34Ywab8RwuW5Lkld.F88f.G0rC7RZoqKmOGWhPu7.', '0922222222'),
	(60, 'poly', 0, 'poly@gmail.com', '$2a$10$fuBjVzjWwTA4WNwLe3MzLOq9k/lJTM8Pvun3sVJqHAGB1DOvV9VQW', '0922222222'),
	(62, 'louis', 0, 'louis@gmail.com', '$2a$10$/GoM4ZTnA.stEeONkSVSi.arNBtVegiZi8a2TsaBEBUwlyW8ACBH2', '0912234567'),
	(63, 'lien', 0, 'lien@gmail.com', '$2a$10$PB5G3sMfZLgdO.CPqUmtc.7jzmwBrToCAbbWNfh3zna7fKK5ZxzDy', '0922221913'),
	(67, '陳小花', 0, 'hua@gmail.com', '$2a$10$Dfqfu4b2Hrm/Zr4fdkWaweYYQ.2YhT4mZ7LS25xqB5w2/ifodInwG', '0912345678'),
	(68, '郭台銘', 0, 'kuo@gmail.com', '$2a$10$7UqObEC/YPs4Ou3ZoKWJguwKXApLfBBz6WzVHNrAyWh.jmJaOqGVi', '0912345678'),
	(69, '賴清德', 0, 'lai@gmail.com', '$2a$10$jTVg5DGhkIQSPnxxX7HANuAfCLQpFn5haUoGRyR2CSRdlC/o33hl2', '0912345678'),
	(70, '柯文哲', 0, 'kewen@gmail.com', '$2a$10$6yW4R3C75sahlE9eUsXWWeLsPsOlJSSg5PNNbRhQx0tyCQhLOahta', '0976567890'),
	(76, '林艾瑞', 0, 'iris@gmail.com', '$2a$10$H0XoO/Mivexi1CM07.rMxO9I1r03p85Z4706LeZrGLKsT.nJVP0Ou', '0912345678'),
	(77, '林小臻', 0, 'loren@gmail.com', '$2a$10$0OMwyC0bCMoUh2AWylAhnezRw.9RumcWSBgxpv1fU3qiBEbmjVsse', '09678123456');

-- 傾印  資料表 movie_theater.users_roles 結構
CREATE TABLE IF NOT EXISTS `users_roles` (
  `id` int(11) NOT NULL AUTO_INCREMENT,
  `user_id` int(11) NOT NULL,
  `role_id` int(11) NOT NULL,
  PRIMARY KEY (`id`),
  KEY `FK_users_roles_role` (`role_id`),
  KEY `FK_users_roles_user` (`user_id`),
  CONSTRAINT `FK_users_roles_role` FOREIGN KEY (`role_id`) REFERENCES `role` (`id`) ON DELETE CASCADE ON UPDATE CASCADE,
  CONSTRAINT `FK_users_roles_user` FOREIGN KEY (`user_id`) REFERENCES `user` (`id`) ON DELETE CASCADE ON UPDATE CASCADE
) ENGINE=InnoDB AUTO_INCREMENT=46 DEFAULT CHARSET=utf8mb4 COLLATE=utf8mb4_general_ci;

-- 正在傾印表格  movie_theater.users_roles 的資料：~24 rows (近似值)
INSERT INTO `users_roles` (`id`, `user_id`, `role_id`) VALUES
	(13, 47, 1),
	(14, 48, 1),
	(15, 49, 1),
	(16, 50, 1),
	(17, 51, 1),
	(18, 52, 1),
	(20, 53, 1),
	(21, 49, 1),
	(22, 54, 1),
	(23, 55, 1),
	(24, 56, 1),
	(25, 57, 1),
	(26, 58, 1),
	(27, 59, 1),
	(28, 60, 2),
	(30, 62, 1),
	(31, 63, 1),
	(35, 67, 1),
	(36, 68, 1),
	(37, 69, 1),
	(38, 70, 1),
	(44, 76, 1),
	(45, 77, 1);

/*!40103 SET TIME_ZONE=IFNULL(@OLD_TIME_ZONE, 'system') */;
/*!40101 SET SQL_MODE=IFNULL(@OLD_SQL_MODE, '') */;
/*!40014 SET FOREIGN_KEY_CHECKS=IFNULL(@OLD_FOREIGN_KEY_CHECKS, 1) */;
/*!40101 SET CHARACTER_SET_CLIENT=@OLD_CHARACTER_SET_CLIENT */;
/*!40111 SET SQL_NOTES=IFNULL(@OLD_SQL_NOTES, 1) */;
